,dim1,dim2,dim3
CTGATCCGTCAGACTT_SRX17782706,0.0005041595701460368,-0.017823374096773467,0.01644976044754819
GCCCGAAAGTAGTGCG_SRX17782704,-0.029637369540851992,0.012005508160097211,-0.017993167582945044
CCGATGGTCTGATGGT_SRX17782709,-0.012599349242399107,0.0014965313140958164,0.00027591963971748375
CCTCTCCGTTATGTCG_SRX17782704,-0.011829247458640729,0.0001576326691891021,0.01208434941298916
AGCGTATGTCTACACA_SRX17782704,-0.04055504750387931,0.007306403977046192,0.009798889517909363
AGTTAGCTCTTACCAT_SRX17782706,-0.018248154017298127,-0.006136970909959696,0.02208275024411429
CAACGGCTCCACGAAT_SRX17782709,-0.02727789399857749,0.016015091844358974,-0.014597452965036886
TATCTGTCAAGCTCTA_SRX17782709,-0.0075238164444251816,0.0070988293419922775,-0.012761799630773712
CAAGACTTCGCTAGCG_SRX17782704,0.021360187498840947,-0.019286682676904792,0.011369682061464409
AGGAATATCTGGAGAG_SRX17782704,0.0051234236636241185,-0.003530427750131205,0.006379146775153549
ATTACCTAGGTCGCCT_SRX17782706,-0.010457806135438778,0.01226188216536694,-0.019271999287215145
CCTACGTTCATCGCCT_SRX17782709,-0.01535884502421944,0.0177586758818363,-0.0009249778038067578
ATAGGCTGTCCAGTTA_SRX17782709,-0.015546056347765173,0.02408997347510097,0.009613331961579027
TCCTGCATCGCCAGAC_SRX17782704,-0.009081159980112403,0.0002981469972875944,0.0020868235742309855
CGCAGGTCACTTGTGA_SRX17782709,-0.022545183749096167,-0.003277625877153083,0.002598269281661331
CGAGGCTTCTCAAAGC_SRX17782709,-0.028075608867072045,0.01082556672266821,-0.002127480038611839
GGTGATTGTTCCTACC_SRX17782706,-0.019969608812954485,0.012140966023912849,-0.00512397856136824
TACACCCCATACTGTG_SRX17782709,0.012871810575485584,-0.006365384936830284,0.006427402148210725
AGCGATTTCTCGGCTT_SRX17782709,-0.003508040878048259,-0.0013763864865464488,0.00023717598019557367
TTCCGTGGTTAATGAG_SRX17782709,-0.02056750406784523,0.01170166991686686,-0.019968279625819894
AGGTAGGAGACTTCGT_SRX17782709,-0.013638133049301046,0.007855121758724664,-0.00821644100378355
CCATCACAGCGAACTG_SRX17782706,0.010230474146949975,-0.015614219518701561,0.006880176005399735
TGTGATGGTGCTAGCC_SRX17782704,0.0014315016844393136,-0.006023335985885012,0.00940153410297998
TGGCGTGAGTTCGGTT_SRX17782709,-0.04730048505089263,0.00012544758625318025,0.004606683098388483
GCATTAGCACCGAATT_SRX17782704,-0.012240283357480763,0.016073980976737817,-0.010433881206543183
GGCAGTCGTTCAGCGC_SRX17782709,0.0021080369307717815,0.00395108600597871,-0.00274636772431035
GTACAGTCAATTCTTC_SRX17782706,-0.023794012772760147,0.002187852846947027,-0.028502815212459325
TACGGTAAGTCTAGCT_SRX17782704,-0.01704518585930739,0.005156076276338791,-0.036626280235413616
TCGTCCAAGACAGCGT_SRX17782704,-0.005485872658972891,0.00030536869818777727,-0.0024922927945777674
CCTGCATGTGCAAGAC_SRX17782709,-0.006932931496059147,-0.01731396234886426,0.0211567644534781
AAAGTCCGTGACTATC_SRX17782706,0.008467336398081558,-0.00877146882222954,0.004150519069177107
GAGTGAGAGCTTGTTG_SRX17782704,-0.027266430645616912,0.0030474128122026096,0.010477235947884049
GAGACTTCAAGGCGTA_SRX17782706,-0.015087587537853782,0.00885025389180646,-0.009771967894571543
AAGTGAACAGAAGTGC_SRX17782709,-0.013704277833588319,-0.0002079511401599815,-0.015187819224962922
CATAGACAGCTGTTCA_SRX17782706,-0.02106677584607931,0.022280613002607023,0.012100958975914887
CGAGTTACAGTCCCGA_SRX17782704,-0.00920663445513284,-0.0046823429833299365,-0.023169226105846038
TATCTGTAGGTTCACT_SRX17782704,-0.023128733582746714,0.02993403230573547,-0.019721883627593133
TCGGATAGTAGTGGCA_SRX17782704,-0.005108362222199931,0.004884315001769884,-0.023860144485502374
AAGCGTTTCTGCGTCT_SRX17782709,-0.002692861641439839,0.000476057923901189,0.0031928907427004076
GTGAGTTGTATTCCGA_SRX17782706,-0.00944790766200159,0.0032000659031995653,-0.012730881730439217
CAGTTAGAGCAAGTGC_SRX17782706,-0.0017495108577260312,0.005811361122516561,-0.02545303180447605
GCCATTCCATTGAAAG_SRX17782709,-0.017858698084268772,0.011778388659407953,0.019795734730658626
ATTGGGTAGGAGGTTC_SRX17782709,-0.01758171064915112,-0.0025796389217819515,-0.0023097743565320124
CTCCTCCTCGACCCAG_SRX17782709,-0.03199079425315482,0.012372167541843417,0.00019300173491259691
TACCCACTCGAATGCT_SRX17782704,-0.017678909785757167,0.020471956103799146,-0.02408885363347095
GTGGCGTAGCTACTGT_SRX17782704,-0.032234339071114046,0.027297315747912578,0.0007657046441678807
GGGACTCGTATCGTTG_SRX17782706,-0.03015263902046034,0.013264609231350684,0.021499742512346383
TGGAGGATCTATGCCC_SRX17782704,-0.024606503347671126,0.01140882917349668,-0.001723139371999755
TTCCGTGGTCGATTCA_SRX17782709,-0.009428869635942593,0.019672190607092476,-0.016392805674419524
TCCCACAAGGACAGTC_SRX17782709,-0.022573604914103592,0.010738654079726113,-0.021371935150712878
TTCCGTGAGACTCATC_SRX17782704,0.010174063088974485,-0.0016913832885540401,-0.0016732708148155743
CCCTCTCGTATGGTAA_SRX17782709,0.0028444683213300587,0.012451733973721874,-0.016820651538552743
AGACACTAGACGGTTG_SRX17782704,-0.031221936795199936,0.00037973909223527235,0.001507959324493552
ACATTTCTCTTTCTAG_SRX17782706,0.001910817570343144,0.0017964361759138859,-0.0026961406487541442
GTCCACTCAACGTAAA_SRX17782704,-0.017033041666340905,0.008934730042419558,-0.011715011277024187
TGTAGACCATAGACTC_SRX17782704,-0.025271113658417433,0.01271242916952687,-0.01770857705742876
GTTACAGTCCGGTTCT_SRX17782704,-0.01858048752564896,0.005109726356871693,-0.010311000394786893
GTCACGGCAGCGAACA_SRX17782704,-0.021292908510572393,-0.0054083265338892,-0.023309888092821338
CATACTTTCCATTCGC_SRX17782704,-0.01564372665249785,0.02864756422177384,-0.00327400087635927
AGGCTGCTCTACGGTA_SRX17782704,-0.008228943949690053,0.004602869394155128,-0.003454754326806084
TAGACCACATCACGGC_SRX17782709,-0.023755594425643678,0.01201796737123225,-0.007008086999042245
GTCTTTAAGCTTTCCC_SRX17782709,-0.00968388417682604,0.012208991367546518,0.008371371668639665
TAGTGCAGTGTTCATG_SRX17782704,-0.015569147483790069,0.014271658919184305,-0.008338475279329082
TGGCGTGAGGCTTAAA_SRX17782706,-0.04386305245294509,0.004965392743209607,-0.005402709520280683
CTTGATTCAACAGTGG_SRX17782704,0.014169824469192616,-0.010902247298519411,0.010737542837846331
CTATCTATCTCGAGTA_SRX17782709,-0.01491570808964425,-0.0015967849358115042,-0.017138250970253177
TGTCAGAAGAACCCGA_SRX17782709,-0.013297864560299428,0.0041446126730052485,-0.007403172005183829
CGTGATACATCGGTTA_SRX17782706,-0.015258380106160284,0.005353196327791055,-0.014543374748667225
TCGGGCACAGGGTTGA_SRX17782704,-0.021905839089787403,-0.00021659693389834535,-0.01276585687499007
TGAGGAGGTTTACGTG_SRX17782704,0.002358896013005582,0.006904229119586473,-0.003682739710037676
TCTTTGAGTCCGACGT_SRX17782706,0.001268824990090467,-0.008060737617258425,0.009207798247696436
GAAGAATCACTCCGGA_SRX17782709,-0.009077520749897042,0.023803073993459434,-0.01814836164461009
TAGCACAGTTTGCAGT_SRX17782709,-0.001402421739381135,0.00010617595836511062,-0.013937155603770022
TGATGGTGTGATGAAT_SRX17782709,-0.020490565631209635,0.006754098702246838,-0.011348920973169292
GGTGATTAGAGAATCT_SRX17782706,0.0018579855748308185,-0.008255101353075103,0.009946936387137624
TCCGAAATCGAAGAAT_SRX17782706,0.0010365378949783422,-0.00018042440623971254,0.0014652031194255907
CAGCCAGGTTGACTAC_SRX17782709,-0.015348177470814857,0.010912605414611747,-0.014446459271112886
ACGTCCTAGCCACAAG_SRX17782704,-0.025815328008172458,-0.007543165899912642,-0.011601642390266807
TTGACCCCACGGTGAA_SRX17782706,-0.0322139788460052,0.021342772403704777,-0.016538052318877217
AGTAACCTCGTCCTCA_SRX17782704,-0.0056139367984217705,0.010604833836163731,-0.01330706335538102
TTACCGCCAGTAGTTC_SRX17782706,-0.008211440728561737,0.025097759825326513,-0.022148385900303942
GGTAACTAGTCCTACA_SRX17782709,-0.028991157770895268,-0.020267987259433132,0.0013390549568140164
AATGGAAGTCGCTGCA_SRX17782709,-0.018551636455596102,0.005480098369589566,-0.02103487501331422
GAGGGATGTCCGGTCA_SRX17782704,-0.030398358821024804,0.010320004940142753,0.016913847704391555
AAGACTCGTAGCGAGT_SRX17782706,0.009137651197329566,-0.01425135991323521,2.4020698778608514e-05
GTCAAACTCACGGACC_SRX17782704,-0.007808286976736306,0.006295825070911776,-0.021559806359931703
ATAGGCTGTCCACTCT_SRX17782709,-0.02080418048533866,0.009552751269747086,-0.02009012157620593
CGGCAGTCAATTTCTC_SRX17782706,-0.0028726863090960614,0.0034230750577111235,-0.009271986946610522
TCATTCATCTGGACCG_SRX17782709,-0.009647443282060072,0.021922374664150104,-0.01139872863532043
GAGACTTGTTCGGTTA_SRX17782706,-0.015969938654258373,0.0017536887930358152,-0.0058041272186543655
TCGCTCATCAGGGTAG_SRX17782706,-0.0024156046969313256,0.015096040237533234,-0.0038619494224134522
CTATAGGAGATGGTCG_SRX17782706,-0.011749396067854153,0.006742219380462551,-0.00726201531430714
TCCCACAAGCGCACAA_SRX17782706,-0.025534739161091193,0.0055136381639535265,-0.0032785432711937446
CCGAACGAGACGAGCT_SRX17782706,-0.0023945658692101418,0.004917281261467944,-0.009077002659580856
TCATCCGCATACGCAT_SRX17782709,-0.008451805839796881,0.011876997818803125,-0.0055213974318511355
CATGCTCGTGGACTGA_SRX17782709,-0.020876930128346256,0.014263402232784769,0.002409839128578775
GTCCACTTCGGTTGTA_SRX17782704,-0.022584715194902953,0.008775699515621627,0.026071797569092715
GGGTAGAAGGTCTACT_SRX17782704,-0.031704083854297266,0.008268795741343517,0.003518773283692347
TTATTGCTCCCTTGTG_SRX17782704,-0.017248683900953507,0.015097470575416093,-0.010474763345259206
TTGGGTAGTTCGGGTC_SRX17782704,-0.046785706556435144,0.00570864660775596,0.010062586170982688
ATCGGCGAGTAGACAT_SRX17782704,-0.04089843735277548,0.009216369423338524,-0.011144597532153869
CTGCCTAGTGTTTACG_SRX17782706,-0.03633477391600798,-7.452684485703775e-06,-0.020401966045739073
ATTTCTGCACTGAGTT_SRX17782704,-0.031226969430655564,0.0257994728062711,0.02108939495575711
CTCTGGTAGTATTCCG_SRX17782704,-0.027355224233758496,-0.021235043370236833,0.031821055634983
ACACCAAAGCCGCTTG_SRX17782706,-0.013069482905202158,0.014783990645909803,-0.01775764845922927
CTCAACCTCTCGTCGT_SRX17782704,-0.02677517263689316,0.00037732911768960766,-0.03165929288964613
CAGATACCACTCTCGT_SRX17782704,-0.00699983460463392,0.022721407669501193,-0.02117197926211946
GGACGTCTCTGGAAGG_SRX17782704,-0.018859348533862567,0.00932249375360292,0.0017877464694561994
ATATCCTAGACATGCG_SRX17782709,0.005246327927472549,-0.006560529965667559,0.006782187195058368
ATCCATTCAATCAAGA_SRX17782706,-0.03781015285741848,0.0037055762541527873,-0.022055412535848133
CACTGTCCATCGGAGA_SRX17782706,0.013740816745687816,-0.013086509124925871,0.0050672342629519435
CCAAGCGAGACTCATC_SRX17782709,-0.0065693851672054835,0.015004945345234704,-0.007990363969229655
ATGACCAGTCTTTCTA_SRX17782709,-0.024152677851300014,0.0012549412268333506,-0.019731934347953818
GCTTTCGCACTCACTC_SRX17782709,-0.011679081740258675,0.01489720402257018,0.011689100134228648
CGTGTCTTCGGTATGT_SRX17782704,-0.02709487674217951,-0.005693621806103013,-0.015148076054708626
GCAGTTAAGTTACGGG_SRX17782704,-0.01646082905786049,0.01760096310109362,-0.008737566184689884
AGCGTATGTGTGCCTG_SRX17782709,-0.021957301800059396,0.005254432544231484,-0.011184423524985925
CAACGATTCCCTTGTG_SRX17782706,-0.023456515497109674,0.00218840169536338,-0.013398286092550409
ATGGATCAGTCACACT_SRX17782709,-0.029670292725982525,0.027054887154016778,0.024003208309924
TTGTTCAAGTCGGCCT_SRX17782704,-0.012364619359061853,0.017033595508653847,-0.031589646157850794
TTGGATGCATAGACTC_SRX17782709,0.0021832514367356396,-0.011672709378904678,0.007484737638199073
TTTCACAGTAGTTACC_SRX17782706,-0.0020061134521110057,0.004042200752449733,-0.00724166462276309
CGGAGAATCCCTTGTG_SRX17782709,-0.019920064096731145,0.0071983195486961,-0.0018549313840567334
CTCAGGGTCCATCCGT_SRX17782709,-0.006361958393050098,0.01885919603145869,-0.002448356058468388
CGAGTTACATTGTAGC_SRX17782706,-0.03251587832826221,0.003472167821901562,-0.008899035112517825
GTCATCCGTTCGGTTA_SRX17782706,-0.014936543128880507,0.016537113363782295,0.019027975625877325
GACTCTCTCTCGAACA_SRX17782709,-0.032268189139587705,0.018669283749783445,0.015038406775003947
GCACGGTCAGGACGAT_SRX17782709,-0.028805708363512098,0.015215947539073908,0.01006024178597045
ACGGGTCGTTGGAGGT_SRX17782706,-0.03655724568280356,-0.0050318272913416175,-0.015139505842085723
ACTTCCGAGTTCCAGT_SRX17782706,-0.020076306038710575,0.010525840322344729,-0.008180948356708784
GCGAGAATCACCGCTT_SRX17782704,-0.008775515357009519,0.007505968789839543,-0.018678743085635878
TTGAGTGGTGATAGTA_SRX17782704,-0.0113905080553314,-0.0014806199751467122,-0.02459716031516619
TCAATCTCATCGGATT_SRX17782709,-0.027027351279317782,0.0104684234002391,-0.007695743492204335
CGTGCTTGTCATGCAT_SRX17782704,-0.037538806630690404,0.013955261030443202,-0.02654501285437343
CCCATTGAGTTGGACG_SRX17782704,-0.0231575156346452,0.0028301589948085764,-0.024783999666244217
GGCTTGGGTTAGGCTT_SRX17782704,-0.0061647762375333075,0.00174478497299968,-0.008127168362130286
ATGAGTCCAAGAGTTA_SRX17782709,-0.008789760564003343,0.01358817598923084,-0.01152286132321612
AGTGCCGAGAGCAGAA_SRX17782704,0.0013863582713436893,0.0024841389680398695,-0.00025997826104122164
GTAGGAGCACCGGTCA_SRX17782706,0.006732507393496672,-0.0022142514274805353,0.009065818577351082
GAACTGTGTTCCGGTG_SRX17782706,0.002892581351657152,-0.002913162616878117,0.009147230615278371
TCTTAGTTCCTTCAGC_SRX17782709,-0.022972794882965636,0.0025361953449134856,-0.008825477724567874
CTTCCGACAGAGGTAC_SRX17782704,-0.020958378820658236,0.01345308879022496,-0.005540302383404298
TGGTTAGAGATTGGGC_SRX17782704,-0.03392431340928508,0.0065430611530374935,-0.02524170540969817
CGGTCAGGTCGTATTG_SRX17782709,0.0002597323503583389,0.0011662245629634322,-0.010974202474170289
ACAGCCGAGCGAATGC_SRX17782706,-0.02761741194151359,0.0009747616110227306,-0.0009030856600641087
TTCCACGTCTGAGGCC_SRX17782704,0.0026376066384351795,0.0028642842452905656,-0.00594102970297835
ACTGCAATCGTGCAGC_SRX17782704,-0.007949671825568773,0.022210256570769873,-0.011934608146907812
TCTTAGTCAGGTAGTG_SRX17782706,-0.03314420569297422,0.007283575590198536,-0.017429781773199305
GAGAAATCACTTGGGC_SRX17782706,0.005547787580104899,0.002970156510956561,0.0001527905671249457
AATGACCTCAAACGTC_SRX17782706,-0.005965009295352038,-0.005686932767578759,0.011507466642438655
AATGAAGCACTAGAGG_SRX17782709,-0.028435674148329163,0.009314179914494444,-0.028490401021959853
CTCACTGTCGACGATT_SRX17782704,-0.03135491024713009,0.020331006435336387,0.015451495409537688
GCTGCAGCAAGTTCGT_SRX17782709,-0.012129623474430015,-0.00843537697548063,0.011578136530037367
GTAGCTATCAGCACCG_SRX17782704,-0.013327975898179266,0.007832270170825715,-0.008466548736759625
AGGACTTAGGATGGCT_SRX17782706,0.0005809856412409708,-0.00793727184503699,0.009873646173229318
ATCACTTTCTCGTGAA_SRX17782706,-0.014296033359161905,0.009182596802794957,-0.013427179907466173
CTGGACGCAACAGTGG_SRX17782709,-0.024102198430535033,0.007910508482862516,0.010726138720296468
CTACTATTCTCGTGGG_SRX17782709,-0.035330473616590224,0.0035198877221286474,0.0017624958667507857
TATTTCGAGACGCTCC_SRX17782709,-0.012188728261877039,0.005355241169467983,-0.022837911108510835
GGAATCTTCGCACTCT_SRX17782704,-0.028353862493631556,-0.018392277368983058,0.03439520511022444
CCCTGATGTCTCAGGC_SRX17782706,-0.005411867723524176,0.012562960157557557,-0.003775262850185765
TTGGGTACAGCACGAA_SRX17782706,-0.008961401102318337,0.002021229656077616,-0.015724267718858778
ATGGGTTCACAATCTG_SRX17782706,-0.018956843325505342,-0.0004377684761890135,-0.021534773571589234
CTCTCGAAGCTCCATA_SRX17782706,-0.032818986122512876,0.004557399919129904,-0.0218003139677123
GATTGGTCATGGAACG_SRX17782706,-0.029910339854174486,1.1410896447720208e-05,-0.012666000118238655
CAATCGAGTGTTGACT_SRX17782704,-0.016519510964906642,0.019326028117384254,-0.0202527810552566
TTCCAATGTAGTCTTG_SRX17782706,-0.014391489978488574,0.022442478769843427,0.004490776742051066
GTGTAACGTGGCGTAA_SRX17782704,-0.013807330984541144,0.01842146819825263,-0.009758309035763366
CCACGTTTCCTCTAAT_SRX17782706,-0.020246035563806938,0.017023164605227053,-0.025500336104971252
TCAGCAAAGCCTCTTC_SRX17782709,-0.037929924291282745,0.00609235684843238,0.007561700968123507
CCCTCAAGTCACTTAG_SRX17782709,-0.01488444973203646,0.013413722453740482,0.0009250354056630605
GTGCAGCGTGTGTGTT_SRX17782709,0.003402937497868502,-0.0020073165912292343,-0.00034207192189414457
ATTACTCCATGACTCA_SRX17782709,-0.022357875938520427,0.006371622671626213,-0.010640211459712508
ACAGAAAAGAGCGACT_SRX17782704,-0.017026504783819243,0.012511578134837782,-0.008522911776871048
CAACGATGTCGAGTTT_SRX17782709,-0.029521027383769886,0.02412847838954835,0.02768631685423742
GCAGTTACAATTCTTC_SRX17782706,-0.018932080906835503,0.00946629335520777,-0.02825902714376284
TGAATGCAGGAGGCAG_SRX17782704,-0.00910202083074464,0.010470349118900501,-0.007548887433706522
TCGCTTGGTGTCTTCC_SRX17782706,-0.026820057314795785,0.001129907122686965,-0.01078025847245791
AATGGCTAGCTAAATG_SRX17782704,-0.011170739364100353,-0.013577209444942128,0.017920880186327176
CTTCTAACACTACAGT_SRX17782709,-0.02864323101670481,-0.002710369699033092,0.031726658887401546
TGCAGTAAGTGGTGGT_SRX17782704,-0.02230320748288872,0.015938837968911698,-0.022632672953799508
TGTTCTATCCGATTAG_SRX17782709,-0.0018433687707801617,0.002210040330623642,-0.01124983511684681
AGTGACTAGCTTTCTT_SRX17782704,-0.018037649495826504,0.002400462115807025,-0.018033798290116775
CTACCCACATGCCGAC_SRX17782704,-0.022012056417017676,0.00820369338198742,0.005264296202838744
ACATTTCTCTCTCGAC_SRX17782709,-0.012895099693959368,0.014330731488071331,0.014929562454594123
GCCAGTGTCATTTCGT_SRX17782709,-0.02295879669799563,0.005400950171146118,0.0011608083042818557
AGACAAACATGTTCAG_SRX17782706,-0.015606949084336267,0.011653227873956009,-0.017406582126727195
GTGATGTTCGACATAC_SRX17782704,-0.022166294832932608,0.00839045673236739,-0.005459576130168456
TACTTCATCTACGGGC_SRX17782709,-0.00450881418633888,-0.002281878763146325,-0.012874198126843196
GCCATTCCAGTCGGAA_SRX17782706,0.005896211487770113,-0.007657764322319893,0.002594038565757494
CGGGACTTCGAACGCC_SRX17782709,-0.021001033099200254,-0.010434412848241767,-0.017711837137109915
AGGTCATTCCAGGACC_SRX17782704,-0.042077890484280955,-0.0032296279380790625,-0.010543684046258394
CGTCCATCACGTTGGC_SRX17782704,-0.0068348025988446606,0.017044250743057893,-0.018045135994639232
TATGTTCCAAGTGCTT_SRX17782704,-0.025473111885153044,0.0006593521939338139,-0.0007861555480394673
CTTCTCTGTACGGCAA_SRX17782706,-0.0011789171551610427,0.0035734088319234023,-0.0008459994621188229
AGGTTGTCAGAAGTGC_SRX17782704,0.004230292266377606,0.004586524293763516,-0.005493459303231223
TGGGAGAAGGGTGGGA_SRX17782709,-0.03906294117898996,-0.003468455292846321,-0.0075974428046282315
TCCGGGAGTTGTATGC_SRX17782704,-0.01044518822214323,0.01476798050628197,-0.006153577066402735
CTTTCAAAGCTAAACA_SRX17782706,-0.02126936074923055,0.008072107079271574,-0.01616092314493457
TGTTCTAAGGCTATCT_SRX17782706,-0.012189293724014725,0.015470713043166174,-0.010977769536049009
GCAGTTATCGCATTAG_SRX17782709,-0.013238710389735732,0.018429116361881208,0.01888303306225067
TCGGGACCAGCTATTG_SRX17782706,-0.041446882521453204,0.01722958455073813,-0.00385797529888217
ATGCATGCATCTCAAG_SRX17782709,0.001586533955476197,-0.0008657187226914291,-0.0001835677114779262
AGATAGATCAACGCTA_SRX17782706,-0.009820727020655451,0.0044865577907804745,-0.006340505172476248
TCGGTCTCAAGCCCAC_SRX17782704,-0.01525146858490594,0.009597480282113465,-0.016646718806003533
CATAGACGTTGGTGTT_SRX17782704,0.015183738208154213,-0.0008473764131738482,0.0019049271089034842
GGAGCAAAGGCGATAC_SRX17782704,-0.004221993217420667,0.01995535904571233,-0.021470871880855846
GTTCGCTGTGTTCCAA_SRX17782709,-0.03938992594637227,0.0010259514342756452,-0.0009137178738897968
GAGGCAATCTGGTTGA_SRX17782709,-0.015139756493775225,0.013484087844017605,-0.01087241951931598
TGTAACGTCCTACACC_SRX17782704,-0.012246634532013289,0.015091277671561584,-0.014823003496246184
AGCTACACAGGACTTT_SRX17782704,-0.024707932701251344,0.009932065683268236,-0.027111362505526065
TTCGCTGTCTTTCTAG_SRX17782709,-0.017236978877952926,0.012922279839079972,0.02196551201483995
GTAACCACAGCAGGAT_SRX17782704,-0.04439388764680902,0.009286972625132653,0.008875485542594852
AGGATAATCGAGCCAC_SRX17782704,-0.03037105768406035,-0.0018370975446205242,0.00134171482066681
TTCTAACGTATGCGTT_SRX17782704,-0.004905482757242781,0.002555113638422663,-0.017046317294530867
TGCGACGCAAGAAATC_SRX17782709,0.027595837300164044,-0.025695044902862167,0.010543569575745983
ACCGTTCCAGTCCCGA_SRX17782706,-0.013680107041606885,0.008137386332713764,-0.02272433604984402
CGGAACCGTACATACC_SRX17782709,-0.02095957069867754,0.007608658024300077,-0.022048513230722138
TGTTCATGTTTACCTT_SRX17782704,-0.026283296651353007,0.008535437369598789,0.013325971101773387
CTGTATTCAATCAGCT_SRX17782704,0.004739689370119778,0.00255038886545571,-4.2510725474012507e-05
CATCCGTTCCCATGGG_SRX17782706,-0.009901225934052486,0.006001259080813539,-0.02749299961553194
AATGACCCATACCATG_SRX17782706,-0.01566587141191108,0.01153713233842291,-0.016515532621437068
CTATCCGTCGTGGGTC_SRX17782706,-0.03484644113453659,-0.00369563358432263,-0.010206407182749684
TTACGCCAGGTAAGTT_SRX17782709,-0.017797692102405113,0.007087431902207789,-0.0052691876112926595
ATCAGGTGTCGGTGAA_SRX17782704,0.007451130719526423,0.0031341014540172993,0.0038013076606887015
AGTACTGGTGTAGGAC_SRX17782704,-0.02304680707555407,0.006743071802631411,-0.01455192676380029
CGTGCTTGTTTAGAGA_SRX17782706,0.00471581669342172,-0.0076439426304012025,0.0004822302303125199
TCAGTCCGTGTTCCAA_SRX17782709,-0.0339333976795911,0.002953258428337929,0.013577323542819288
CCATAAGTCAACACGT_SRX17782704,-0.033337360171550603,-0.002979336357834845,-0.0036479131775305792
TTTACTGCATGCGGTC_SRX17782709,-0.012226883585299617,0.03781448928144276,-0.003836888122434927
CTGTATTTCTCGCTTG_SRX17782704,-0.012517987400391038,0.01205034768779809,-0.010724610612508815
GGAATCTCAGTTGTCA_SRX17782709,-0.02717640629520972,0.008310378356354647,0.0035163841554886268
GTCGTAAAGATGCTTC_SRX17782704,-0.002249881722685231,-0.010617203132161425,0.015399565023183317
AAGGAATCACCGGTCA_SRX17782709,-0.042374396571969945,0.010114280593907657,-0.0032753973986600006
ACTGATGTCGGAACTT_SRX17782706,0.005500393835102843,-0.013744480399635401,0.007112402218122498
GCATGATCACTCCGAG_SRX17782704,0.0003087814973282873,0.02704714629321145,-0.014147575334924082
GTATTTCCAAGGGCAT_SRX17782706,-0.009281685480103212,0.007636744471821478,0.002039767355206903
GTTGAACTCGGAGTGA_SRX17782709,-5.29244105386762e-05,0.004330913977952965,-0.00750649506216284
TTTAGTCAGCGACTGA_SRX17782709,-0.01837318638880638,-0.0013753620347574508,-0.015964191779467996
CGTTGGGCAGCGACAA_SRX17782709,-0.006343051352202498,0.008435580292296104,-0.004542622536391123
CATTGTTAGTTTCGAC_SRX17782706,-0.022039130959312307,0.01693409290948537,-0.0058742398701366345
AACCACAGTTAGGCCC_SRX17782704,-0.020621904296097067,-0.006754298855179096,-0.030995237681099557
GAAGCCCTCTCTAAGG_SRX17782704,-0.014822127690316825,-0.0019421350144412403,-0.01357922980893267
TCACTATGTGCTGTCG_SRX17782704,-0.012999114259228943,0.006441689009327491,-0.014561533698475284
GAGATGGTCGCAGTTA_SRX17782709,-0.010387560525719285,0.005508459778252293,-0.004302982474591943
CTCCTCCTCATCGCAA_SRX17782704,-0.01937715991650289,0.009830289893069753,-0.023834385774045456
CGGCAGTGTGAGTAGC_SRX17782704,-0.012841218790243884,0.0005968456137744891,-0.012658929233743338
CCCTCTCTCAAAGACA_SRX17782709,-0.015496421570835266,0.020019635426258963,-0.010049533236069472
GGTGAAGCACGCGTGT_SRX17782709,-0.009807257737013166,-0.0007528589439045121,-0.0017096951488423905
GGAGGATCACGTACAT_SRX17782704,-0.020103770682642477,0.0071886489857466394,-0.019875617121520764
CGCAGGTCACCATATG_SRX17782704,-0.008112897078122766,0.012171462745313751,-0.008702323373353372
GTAATGCCATCCTGTC_SRX17782709,-0.010033291198958336,0.006766466114826688,-0.02048774924508872
ATTCATCTCCTACACC_SRX17782709,-0.019950974578936357,0.009782671298622219,0.016777128574795692
CATTGAGAGCTGTCCG_SRX17782709,-0.03184730286091492,0.023543174474315736,0.015311440492262102
GACGTTACAAAGGCGT_SRX17782709,-0.017286092673669106,0.00314220424191897,-0.007383863677246571
CCAATGAAGACAGTCG_SRX17782704,-0.038080307870185966,0.002791522461848034,-0.00376250043224431
GTCTCACAGTAACCGG_SRX17782704,-0.053551846722559165,-0.0025806758403179807,-0.011544687690711153
TCCTCCCGTCCACATA_SRX17782709,0.008682163022443628,-0.00682706854593106,0.008770310959613005
TGATTTCGTGATACAA_SRX17782704,0.0004604196035315702,0.007093674185892196,-0.008872728585706657
ATAGACCCACGACTAT_SRX17782709,-0.006376837474433654,0.0025031629942977008,-0.01075777490285462
GTGTGGCCACAGACGA_SRX17782704,-0.03516582972399531,-0.002944335100296196,0.010816754852383802
ACGTCCTCACCCTTGT_SRX17782706,-0.029158691817833426,0.003423929130773283,-0.018404233587712177
TTTGATCAGACACACG_SRX17782706,-0.011957273626057655,0.013065329535356994,-0.010908742305519768
CATGCTCAGCTGACTT_SRX17782704,-0.016920714689930623,0.008166406437562796,0.0165429585262974
GTTAGACCACCCATAA_SRX17782706,-0.027836702436649995,0.005293514061257066,-0.006209018670426754
GGAATCTTCGCCTTGT_SRX17782704,-0.022534389453496253,0.011907550250693047,-0.0202665488807535
CTTTCGGGTGGACAGT_SRX17782706,-0.021587917163432866,-0.005004373965003924,-0.015422601149169914
CTGTCGTAGACGCATG_SRX17782709,-0.04080685093260677,-0.010322464600142932,-0.01204827974371492
GTCATGACATTCGGGC_SRX17782709,-0.042098118891695374,0.009970018983131386,-0.021324826193381014
TCAAGTGAGGTAGCAC_SRX17782704,-0.026803525358242788,0.018533433561666604,-0.0026974912101633513
ATGACCACAGACCGCT_SRX17782706,-0.00023174705309467831,0.008452801338636446,-0.004392064645582395
TGGGTTAGTGCAAGAC_SRX17782704,-0.028041652073884517,0.016612576102829128,0.0022949983099191957
CAACGGCCACAAATCC_SRX17782709,-0.0035909081965028937,0.0013445163535223527,-0.004738418430088396
TAAGTCGCACGATTCA_SRX17782704,-0.012056761466746457,0.012239408958934234,-0.01097243239138989
ATCTCTAGTGGACCTC_SRX17782709,-0.03421038843785884,0.004696308572654085,-0.01704877264098015
AGACTCAAGATCCCGC_SRX17782704,-0.007628159016143547,0.012113314997204933,-0.005093668847052954
AGAGAATAGCTAAATG_SRX17782704,0.009177694631714334,0.0008357289705522379,-0.009841980952369565
CTACATTGTATGTCCA_SRX17782704,-0.011104662550657587,0.018051085631822214,-0.012246189021114193
CATGCAAAGGAGTACC_SRX17782706,-0.041410414080632126,0.006954881485265683,-0.03083645002714373
AGAGCCCCAACACGAG_SRX17782706,0.001408427775812699,0.007139862016325222,-0.009767547513719011
GGTAGAGCACGGTAGA_SRX17782706,-0.008891493739791695,0.00452539696725623,-0.006740598188604806
CTTAGGAGTCGCATTA_SRX17782709,-0.0064808331642651025,0.025086912141086985,-0.0047929225183902064
ATACCGACACTACGGC_SRX17782709,-0.02434132925363575,0.010752627068109474,0.002309489418063823
ACGCACGGTTGTTTGG_SRX17782706,-0.00973405331468086,0.0021388880382309633,-0.019711079107916148
CCAATGATCGCAGATT_SRX17782706,-0.006857003377881237,0.010352711700363707,-0.011613956551637434
TTGTTTGGTATCGTAC_SRX17782704,-0.00473322260532196,0.0019313743432124286,-0.009094367368047444
AGAACAAAGTGCCAGA_SRX17782706,-0.013276531826857837,0.020916932804267187,-0.011449941896409218
AAGACAATCACTGTTT_SRX17782709,-0.015743541412528168,0.017830965576788316,-0.016828684528007013
ATGCGATCACAAGTGG_SRX17782706,-0.03181771665279497,0.0101394050297297,0.008223786339663202
TACCGGGCACACGGAA_SRX17782709,-0.016960836242845407,0.013337730104215649,-0.008524230297238282
ACTCCCAAGACTCAAA_SRX17782706,-0.006660258506865816,0.0091594356124677,-0.020009008656449268
TTAATCCCACGTCGTG_SRX17782709,-0.033319354548701614,-0.0003648153006344521,-0.0020415704126812563
TCTCACGGTATAGCTC_SRX17782704,-0.015102217900815834,-0.034319098035337135,0.02196918388199913
TTCACGCTCTAAGCGT_SRX17782709,-0.011768851711776843,-0.012764041266644786,-0.016686982856033095
GTCATTTAGAACTGAT_SRX17782706,0.0021841668324636713,0.006725117103839626,-0.0017064241456412948
CGCCATTCATGTTCAG_SRX17782704,-0.031768628326334314,-0.015183311438882402,0.022565392234517725
TTTACGTCAGTAGTGG_SRX17782709,-0.03152272782238435,0.008985627155920353,-0.0008304413669706444
GTTGCGGAGAGTTGCG_SRX17782706,-0.01787668174674946,0.003024936558593721,-0.021802484794944663
TCCTGCATCCCTCTCC_SRX17782709,-0.042887731587374654,0.00564468716012909,-0.0046945732699660144
GATGAGGTCACCCTCA_SRX17782706,-0.0017571258903768259,-0.0159068295099413,0.01611067791140681
AGGTCATTCCGACATA_SRX17782704,-0.00863171767267163,0.009973039511529096,-0.0038836728255336127
TCGCACTAGTATAGAC_SRX17782706,0.016945556784098266,-0.01797650865836585,0.0056997638053061005
TCTACATAGGTAGCAC_SRX17782706,-0.014975874403206956,-0.01497845344444732,0.023976863278991716
ATCGTAGTCGTACCTC_SRX17782706,0.0025484528865774916,-0.004850643451399302,0.005119845884032957
GCCTGTTCACTCTAGA_SRX17782706,-0.008547620001522448,-0.0073982980460881925,0.008573773791129178
ACATCGATCTTTCCGG_SRX17782704,0.009597113203021647,0.009647674410716019,0.004021850670457981
TACTTACTCCTTATGT_SRX17782704,-0.016693705727829765,0.013044106445886137,0.022012733532804564
GTCAAACAGTGCACCC_SRX17782706,0.0027660744201240075,-0.01403570630434984,0.015822455736078288
TGCAGGCTCCTCGATC_SRX17782709,0.005443149543292316,-0.0037623674988437783,0.0016943816506035092
AGCCAGCCACCTTCGT_SRX17782706,-0.005800803154904943,-0.0029505846119234538,0.010009548716248937
TGAGGAGCACCCAATA_SRX17782704,-0.014194336314248341,0.007470837834069315,-0.0165870281683194
CCACACTGTTTGTTGG_SRX17782709,-0.04330646026073906,0.002436462199632848,0.0002700182944436103
TGTAACGCAGCAAGAC_SRX17782704,0.0030665411287525575,-0.00834171446060301,0.010164861426611686
TTCGATTCAAGCTGCC_SRX17782706,-0.026204153950766394,0.012024891643503432,-0.013669373090224311
GTCTCACGTTCCGCTT_SRX17782704,-0.0034035148637028495,-0.02460484707115589,0.040307676774903684
ACGTACACAACCAGAG_SRX17782704,-0.01857929313325958,0.025920704094801777,0.01578037995724038
TCAGCCTTCATCGACA_SRX17782704,-0.009069335985671355,0.006516154463342947,-0.010216982596372338
GTTACGACAGTCAGTT_SRX17782706,-0.002716271467619474,0.0037891513097940157,-0.006904651158757886
GTCAAGTCAGAGGAAA_SRX17782706,-0.027993624568483418,-0.008185233708581636,-0.03343750804739567
GAATCGTAGCACTCTA_SRX17782706,-0.0353222582676507,0.001759311968259454,-0.020153613215652663
AGGAATAGTATGGAGC_SRX17782704,0.0035982130066580446,0.0012803843242096208,-0.0031274598189024077
GGAGATGAGCACTGGA_SRX17782709,-0.01991822162514619,0.0039894628825527904,-0.003056579145133789
CTAACTTAGCATACTC_SRX17782706,-0.0027183721438295305,0.009784487664507884,-0.013729190276980163
TCCTCCCGTGGACTAG_SRX17782706,-0.007082836069005171,0.0117438564822983,-0.0060027047112716945
GTGTGATCATCGCCTT_SRX17782706,-0.02671869130556758,-0.0005915921481554642,-0.019540919114837883
GACGTTAGTCAGGTAG_SRX17782709,-0.027645351184968834,0.011740632920014676,0.019203666193052842
CAGTTAGAGCCTCTGG_SRX17782706,-0.0004073402738309359,0.01672780757321521,-0.014981447748907929
TCGCACTCATCGGAGA_SRX17782706,-0.034039965777130386,-0.02697080102564583,0.04016289195090146
ATGGAGGGTACGGTTT_SRX17782706,-0.026486618488769285,0.027414640300640482,0.007460350373161238
TGGTGATCACAGAAGC_SRX17782704,-0.026969241729253694,0.00069747012496368,-0.010646400454313578
GTTGCTCCAAGTGTCT_SRX17782709,-0.024919759270199925,0.033317289897004096,-0.0134924451832311
CTCATCGTCGAATCCA_SRX17782704,0.002100915917510495,0.0027677185042234895,-0.00027221017241881924
TGGGATTCACAAAGTA_SRX17782709,-0.020419776245670193,0.011678734720939662,-0.019274710218436273
TACCGAACAGCCGGTT_SRX17782709,-0.04117321091605901,0.00992893857228999,0.007112612229497663
GTTGTCCGTAGGCAGT_SRX17782704,-0.03095217913319394,0.001154356012986657,-0.01969419260247962
TTCTGTACACATACGT_SRX17782709,-0.032455106305660994,-0.009200725355526525,0.020949311096403998
GTACAACCAGAACTTC_SRX17782709,-0.025826272780341254,0.0063786300559138575,-0.01832900045610784
GTAATGCTCATGGGAG_SRX17782709,-0.013846967029311817,0.005109456777577426,-0.01612247304995372
CCTCCAAGTGGGCTTC_SRX17782709,-0.01227541878123569,-0.0011479491775991627,-0.012241552800588409
ACGTAGTGTTTGATCG_SRX17782709,-0.027548146199197047,0.0005997487741449979,-0.01730629343520006
GGGTGTCGTCGAAACG_SRX17782709,-0.047171759319194845,0.012487515075221571,0.008540534570234855
TAACACGAGTTGTAGA_SRX17782704,-0.030413167677903252,-0.0017983739332754253,-0.01038113988356726
AAAGTCCCAGTTAAAG_SRX17782709,-0.004892529354021188,0.008457016947549833,-0.01499537595367925
CCTCTCCCACGACGTC_SRX17782706,-0.005055723014897571,0.008133734595847207,-0.015379978404631645
AGACACTCACACCAGC_SRX17782709,-0.006986814761823076,0.0016690184550953119,-0.0040392170880203535
TCCATGCCATGAAAGT_SRX17782709,-0.01493713142861041,-0.00930728607403906,0.020555352412346305
TCTTGCGCATCGGAGA_SRX17782704,0.009967918961496935,-0.005215240123402076,0.005563921012748037
AATCGTGGTGCCTGCA_SRX17782709,-0.026962174009509107,0.012145971850018039,0.007830453662029205
TGAGTCAAGGATGTTA_SRX17782704,-0.017432759198089346,0.020915480843478742,-0.011641589070231556
TACGGGCTCGTCCATC_SRX17782704,-0.009262669422326817,0.015410503977191863,-0.013140226304152727
GGAAGTGGTCACCCTT_SRX17782706,-0.006395692279535711,0.00843152757322768,-0.008902598438143464
GACACGCTCCAATCCC_SRX17782706,-0.012230402181978054,0.008962220172019114,-0.011678223191118572
TGTTCATAGTCTCCTC_SRX17782704,-0.012402992317896423,0.01846296646320791,-0.008499059968256057
CTCTCGATCCTCTCTT_SRX17782706,-0.0061331356061470705,0.015954896083685405,-0.013693022931636033
CCCTCAACAAGTTGGG_SRX17782704,-0.021465864315145387,-0.004085996563671995,-0.01572370070037347
TCTATACGTCTTGAAC_SRX17782704,-0.004138889323772482,0.005298086519958456,-0.022951040759155675
CTAGACAAGCTCCATA_SRX17782704,-0.010281455310710586,0.008526023341624436,-0.0052580386535638155
TGTTCTACATTAGGCT_SRX17782706,-0.03818953466251785,0.019863306930707036,-0.03393292039944619
TTCACGCAGAGCCGAT_SRX17782706,-0.015569579407974776,0.010920923744999166,-0.009813512796659197
TGTGAGTAGCATACTC_SRX17782709,0.0039974101499622595,0.017714642158338685,0.0021000668938183785
CGGAATTAGAACCGCA_SRX17782706,0.0036112350802123576,0.005118669790453562,-0.00564434068271341
TGTGCGGGTATCAAGA_SRX17782709,-0.0249190863414942,0.004416964999592041,-0.010183531312932098
CATTGAGGTTGCGGCT_SRX17782704,-0.02171002884756194,0.024913724521626428,0.010691358185012205
TTCCGTGCAGGGAGAG_SRX17782709,-0.005961092024537097,0.005420722781187289,0.00104024399311073
ATAGACCAGACGCAGT_SRX17782706,-0.009750647845476919,0.0018703129918658259,-0.02377939349465517
TCATACTCATCATCTT_SRX17782709,-0.018090930979465104,0.012326026928619244,-0.01805691842584502
TAGGGTTAGGGTTAGC_SRX17782706,-0.037243907215563386,0.014546306941974549,-0.03796840696777236
AATCGACGTCCACATA_SRX17782706,-0.014100707929260738,-0.005434459132174541,0.015705186625971784
GACCCTTGTGTCATGT_SRX17782706,-0.0017894473204949322,0.003667774626103474,-0.013448527660836151
AGCCAGCGTTTCGACA_SRX17782706,-0.04008386145748823,0.0033466476561679545,-0.018946157230823938
TTGCTGCGTGACTATC_SRX17782704,-0.028292825650365776,0.01436050302879477,-0.0236900500743457
ACTCTCGTCATCGCTC_SRX17782704,-0.02522671429694602,0.015604696395214496,0.010918755203950773
GATAGAACATCCCACT_SRX17782709,-0.020440863320028656,0.011249886370321139,-0.0002289218281386441
AGAAGCGTCTGAGGTT_SRX17782704,0.0074131618920894515,0.009136809129970476,-0.011132743201550865
CCCATTGAGTTGTAAG_SRX17782704,-0.0187200345323008,0.002899650216769563,0.0017787795976936505
TCGTGGGTCGCCGTGA_SRX17782704,0.0002915058676337716,-0.004701265441369902,-0.01669586366884562
TTACAGGCAACTGAAA_SRX17782706,-0.024760290289126772,0.007315630517913139,-0.014624340111124736
AGAGAATTCGTTGTGA_SRX17782704,-0.012803120570964992,0.009828803650840424,-0.014228497443308424
ACTGATGAGTGGTTCT_SRX17782709,-0.014573986838148392,-0.002854076263168598,-0.017107652896910765
ATACTTCGTAGAAACT_SRX17782706,-0.01837934168746442,0.009631336180700006,-0.009472712707868163
TTTCAGTTCTGCTAGA_SRX17782706,0.004076214068418854,-0.00327096870761985,-0.030594548668641412
TTCACCGTCAGATTGC_SRX17782706,0.003752461319786785,-0.01104734347552467,0.012023176163564157
AACCTTTAGCAGCCTC_SRX17782704,-0.01708415088130703,-0.0026686515000426377,-0.017761421717147938
ATTACTCGTCACAATC_SRX17782709,-0.023917576698856833,0.021298001695410993,0.0005258528062515524
GCTCAAAAGGCTATCT_SRX17782706,-0.005831724712933181,0.0007023241410709129,0.004671442071629416
AACACACCAGTTCTAG_SRX17782709,-0.013255496902827468,0.01785260359469868,-0.012272743312018847
CATACCCTCGTCGATA_SRX17782709,0.0010562745922188083,-0.0002801604571689554,0.0037594253668093223
TAAGCCACAGCCGTTG_SRX17782704,0.001940434682844089,-0.005608310687711086,3.611072993239368e-05
TGGGCGTCAGGCGATA_SRX17782704,-7.357179285261371e-05,0.0009317765532741224,-0.022987742458223267
AGTCAACAGGGATGTC_SRX17782706,-0.02416469166808331,0.006838062929316286,-0.005536180427069966
CCTGCATTCGACCATA_SRX17782709,-0.023169483911155673,0.005802014080379856,-0.014836333441065165
AACACACCACACACGC_SRX17782709,-0.03435717112311977,0.0153764517359971,0.019727725129758275
GACTCTCAGGCTCCCA_SRX17782704,-0.005273731241395093,0.012892380607871035,-0.006707566407022478
TTCCAATGTGGGCTTC_SRX17782704,-0.024543476843169033,0.012183712384489448,-0.0032275460502432488
CATTGTTTCGACATTG_SRX17782704,-0.024198363968242896,-0.0005119888541333303,-0.008923606743852218
TTGTGTTAGCGACAGT_SRX17782709,-0.00774742329885833,0.019716486145711167,-0.006064078998379269
ACTGTCCAGTCCTACA_SRX17782709,-0.01425874536823254,0.00956346791997274,0.0020487797300058523
TCGCTCAAGCACTCAT_SRX17782706,-0.019673357376897873,-0.008066421934661951,-0.03234849443446028
GAGTGAGGTATCGTTG_SRX17782709,-0.04489258701837418,0.008183795900185427,0.02359836224767207
TTCGGTCTCGAGCCTG_SRX17782706,0.011959800606586204,-0.0043329755544039466,0.003176905245904856
