Unnamed: 0,dim1,dim2,dim3,KNN_phase,cell_cycle_pseudotime,dormancy_depth
CTGATCCGTCAGACTT_SRX17782706,0.50984901558327,-0.20101466849847827,0.8364491494861496,S,0.7774238512707476,
GCCCGAAAGTAGTGCG_SRX17782704,-0.6250563649368127,-0.7207589240027101,0.2996847000911902,G1,0.0303583537618787,
CCGATGGTCTGATGGT_SRX17782709,-0.2928112527911503,-0.8863946026888592,0.3585615900126789,G2M,0.9730883160305528,
CCTCTCCGTTATGTCG_SRX17782704,-0.2068607017804307,0.7110441096434525,-0.6720304529920325,G0,,-0.2321864941295744
AGCGTATGTCTACACA_SRX17782704,0.38459457438261296,0.8819484344276732,-0.27249598247000395,G1-G0 transition,,-0.1945414650364182
AGTTAGCTCTTACCAT_SRX17782706,-0.16154716099831434,-0.878644970814665,0.4493167216938164,G2M,0.9481953750235363,
CAACGGCTCCACGAAT_SRX17782709,0.9261939432126596,0.03970642099854374,-0.3749507056223062,G1,,-0.4389361314244049
TATCTGTCAAGCTCTA_SRX17782709,0.2504540966737405,0.8203259088150742,-0.5141384051018675,G0,,-0.2407032340313725
CAAGACTTCGCTAGCG_SRX17782704,0.47501567487658525,0.4653484974550894,0.7468672767249966,S,0.6505107370247586,
AGGAATATCTGGAGAG_SRX17782704,0.4775817341288436,-0.2684684378933516,0.8365646757288934,S,0.7905238544892987,
ATTACCTAGGTCGCCT_SRX17782706,-0.39382328867877825,0.6644482115537733,-0.6351468856672445,G0,,-0.2061284454954317
CCTACGTTCATCGCCT_SRX17782709,-0.11386033003432294,0.708778831965689,-0.6961813413422855,G0,,-0.2504404951731396
ATAGGCTGTCCAGTTA_SRX17782709,0.03551114061575067,0.39238390947080215,-0.9191158475874084,G0,,-0.3765219762380338
TCCTGCATCGCCAGAC_SRX17782704,-0.4313410137773738,0.7451036131338815,-0.5086899222099501,G0,,-0.1597953058003661
CGCAGGTCACTTGTGA_SRX17782709,-0.23718750926033405,0.8500345213007067,-0.47030140559938155,G0,,-0.1608368618076758
CGAGGCTTCTCAAAGC_SRX17782709,0.6675681982811357,0.6714833703670017,-0.32165600466466426,G1-G0 transition,,-0.2762625358843877
GGTGATTGTTCCTACC_SRX17782706,0.5507570031643768,0.6581894751844386,-0.5132771148650115,G0,,-0.3068442573938679
TACACCCCATACTGTG_SRX17782709,0.6524170559278838,0.37939309896249623,0.6560584970156402,S,0.661871988426994,
AGCGATTTCTCGGCTT_SRX17782709,-0.12959258153773756,0.8512479789146875,-0.5085102373539419,G0,,-0.1838793107329076
TTCCGTGGTTAATGAG_SRX17782709,0.5220071467381838,0.7350616312652658,0.4326580890947158,G1,0.5813153961363943,
AGGTAGGAGACTTCGT_SRX17782709,-0.27573826041780636,0.5285953837490973,0.8028420737117007,S,0.4877898786622323,
CCATCACAGCGAACTG_SRX17782706,0.5744022984632262,0.3797544311086493,0.7251542313099684,S,0.6662433329424966,
TGTGATGGTGCTAGCC_SRX17782704,0.3210023561438998,-0.3135351933378887,0.8936738417523696,S,0.8166126319037692,
TGGCGTGAGTTCGGTT_SRX17782709,0.47090988488250707,0.6942587627565162,-0.544287392804346,G0,,-0.2972508780784935
GCATTAGCACCGAATT_SRX17782704,-0.6446583126281287,0.11192196376508701,0.7562336025192395,G1,0.0942633167056876,
GGCAGTCGTTCAGCGC_SRX17782709,0.41880988480877546,0.009215224524391025,0.9080271446457764,S,0.754157725710137,
GTACAGTCAATTCTTC_SRX17782706,0.4242256522984096,0.9006267621832327,0.09436204835203887,G1,0.5243883760631562,
TACGGTAAGTCTAGCT_SRX17782704,0.35273530925972785,0.9106366742690869,0.21521811608206876,G1,0.5243501330675007,
TCGTCCAAGACAGCGT_SRX17782704,0.676155559108478,0.1916767663812129,-0.7113886793609154,G0,,-0.4654427604572601
CCTGCATGTGCAAGAC_SRX17782709,0.4847884153088821,0.007181322894922149,0.8746020115734239,S,0.7474157110114911,
AAAGTCCGTGACTATC_SRX17782706,0.40759527770113957,0.08643735131430083,0.9090626088960134,S,0.7406878779580391,
GAGTGAGAGCTTGTTG_SRX17782704,-0.1268023202427574,0.6902900306235162,-0.7123346579342598,G0,,-0.2552449793411436
GAGACTTCAAGGCGTA_SRX17782706,-0.8481905929410443,-0.35348922873880206,0.39448459157431087,G1,0.0832243072686323,
AAGTGAACAGAAGTGC_SRX17782709,0.7833545600503783,-0.5092691668942794,0.3563712403147666,S,,
CATAGACAGCTGTTCA_SRX17782706,0.07155673999121409,0.7289891316416104,-0.6807749213117542,G0,,-0.2687440188937655
CGAGTTACAGTCCCGA_SRX17782704,0.26973354455761583,0.8515825197543332,-0.4495007061133281,G0,,-0.2238498509358464
TATCTGTAGGTTCACT_SRX17782704,0.6836961657555858,-0.009219093063375733,-0.7297084676867668,G0,,-0.5245066520540793
TCGGATAGTAGTGGCA_SRX17782704,-0.04096324880974889,0.6087966279665674,-0.7922680162034148,G0,,-0.2981361673172467
AAGCGTTTCTGCGTCT_SRX17782709,0.2223552534436952,-0.24604718856252683,0.9434081586225933,S,0.8219281749400026,
GTGAGTTGTATTCCGA_SRX17782706,-0.3068619541845796,-0.8955720008853119,0.32215930452907615,G2M,0.9773192602875695,
CAGTTAGAGCAAGTGC_SRX17782706,0.12321857001042841,0.6030762048969742,-0.7881092860513927,G0,,-0.3210095577224561
GCCATTCCATTGAAAG_SRX17782709,0.2028649858298095,0.9269639464099334,-0.31556899306673203,G1-G0 transition,0.4621842293854117,-0.1729191435264939
ATTGGGTAGGAGGTTC_SRX17782709,-0.2962412988826174,-0.6948060321386819,0.6553516613887757,G2M,0.9565345931197852,
CTCCTCCTCGACCCAG_SRX17782709,0.5256193404512186,0.6037307036199357,-0.5993608115028831,G0,,-0.3327591844485237
TACCCACTCGAATGCT_SRX17782704,-0.029442676263724127,0.4917022828848562,0.8702654596827681,S,0.6280257667386373,
GTGGCGTAGCTACTGT_SRX17782704,0.3658463464235507,0.5451965863251933,-0.7542660486140316,G0,,-0.3575628176639602
GGGACTCGTATCGTTG_SRX17782706,0.10013423740529154,0.744042063963534,-0.6605863458353247,G0,,-0.2656367367417599
TGGAGGATCTATGCCC_SRX17782704,0.6542046422107465,0.3336446767474396,-0.6787469349065169,G0,,-0.4217155739400199
TTCCGTGGTCGATTCA_SRX17782709,0.08204189216949137,-0.526602701941067,0.8461433470441161,G2M,0.8766745072081742,
TCCCACAAGGACAGTC_SRX17782709,0.957999053540589,0.19720586548168856,0.20820046295439937,S,,
TTCCGTGAGACTCATC_SRX17782704,-0.09812890036014121,-0.8402715194239977,0.5332115928006925,G2M,0.9336124392035564,
CCCTCTCGTATGGTAA_SRX17782709,-0.27897561606279847,0.42632792250365337,0.8604748532223574,S,0.5840276457584457,
AGACACTAGACGGTTG_SRX17782704,-0.04617699689088384,0.7685256638375317,-0.6381505034005566,G0,,-0.2371015780385574
ACATTTCTCTTTCTAG_SRX17782706,0.560812503560659,0.4872883915720988,0.6693574358037969,S,0.6426085209768729,
GTCCACTCAACGTAAA_SRX17782704,0.5154447235120958,0.7890461711819405,-0.33424940498215616,G1-G0 transition,,-0.2403145865634994
TGTAGACCATAGACTC_SRX17782704,0.5293398885820154,0.8481653475136035,0.020364869513277095,G1,0.5351103555835091,
GTTACAGTCCGGTTCT_SRX17782704,0.7856382086714421,0.573044943980578,-0.23322098419949533,G1,,-0.2875269380923029
GTCACGGCAGCGAACA_SRX17782704,0.006041804156160568,0.8823158221871484,-0.47061905624476585,G0,,-0.1886497138297452
CATACTTTCCATTCGC_SRX17782704,-0.18898960903801337,0.7038448006911402,-0.6847520396939645,G0,,-0.2385610616184877
AGGCTGCTCTACGGTA_SRX17782704,-0.42340909407548644,-0.8646695913461211,0.270316963232448,G2M,0.9982159239152604,
TAGACCACATCACGGC_SRX17782709,0.8332603122513743,0.2399141344300793,-0.4981146759106624,G0,,-0.4187106471936512
GTCTTTAAGCTTTCCC_SRX17782709,-0.40561312655717807,0.7053529374382601,-0.5813391397091883,G0,,-0.1860467857917002
TAGTGCAGTGTTCATG_SRX17782704,-0.30858805927837485,0.6386750176263367,-0.7048883578199561,G0,,-0.2372188003230362
TGGCGTGAGGCTTAAA_SRX17782706,0.466678750101727,0.7347082718639033,-0.492356178201593,G0,,-0.2782276905113114
CTTGATTCAACAGTGG_SRX17782704,0.6801711659219645,0.0762417260649755,0.7290776872817042,S,0.7167507012114522,
CTATCTATCTCGAGTA_SRX17782709,0.1461677365555818,0.9533169404150382,-0.2642382414624871,G1-G0 transition,0.4568225739301056,-0.1492922257321121
TGTCAGAAGAACCCGA_SRX17782709,-0.3159715241340154,0.6911917633213902,-0.6499352677946855,G0,,-0.2157159262083251
CGTGATACATCGGTTA_SRX17782706,-0.37823242656236006,-0.8861374762498567,0.2677699290306161,G2M,0.991375077632062,
TCGGGCACAGGGTTGA_SRX17782704,0.4759461237871495,0.879430862667208,0.008746727488200323,G1,0.5254904564903023,
TGAGGAGGTTTACGTG_SRX17782704,0.4182255170706226,0.7657670138839734,-0.48855722249077904,G0,,-0.2659159707441172
TCTTTGAGTCCGACGT_SRX17782706,0.3768767831191002,0.12413274195558391,0.9179079043138041,S,0.7361090610783707,
GAAGAATCACTCCGGA_SRX17782709,-0.43225203980191373,0.4667516428075828,-0.7715575243674664,G0,,-0.2624695625025758
TAGCACAGTTTGCAGT_SRX17782709,0.16323050846557852,-0.8717372549957126,0.46198469074033555,G2M,0.8984867588840212,
TGATGGTGTGATGAAT_SRX17782709,-0.3191513910707725,0.7236829007703228,-0.6119032187702445,G0,,-0.2016879655507324
GGTGATTAGAGAATCT_SRX17782706,0.3645678978739964,-0.246992302363138,0.8978223500164623,S,0.8017963856287548,
TCCGAAATCGAAGAAT_SRX17782706,0.6937405093217794,-0.05819629488041653,0.7178699562564297,S,0.7367680060054276,
CAGCCAGGTTGACTAC_SRX17782709,0.5100586546233726,0.17828787663695211,0.841459160482667,S,0.7128812933057365,
ACGTCCTAGCCACAAG_SRX17782704,0.3004405567735947,0.8571999013935585,-0.41826264904546095,G0,,-0.2200332241553508
TTGACCCCACGGTGAA_SRX17782706,0.8545205965082098,0.49937886277552446,-0.14288198134079344,G1,,-0.2877323477131578
AGTAACCTCGTCCTCA_SRX17782704,0.5358744363055284,0.6682857179832127,0.5159776194568858,S,0.598982821224082,
TTACCGCCAGTAGTTC_SRX17782706,0.15799578643535056,0.564540464099357,-0.8101428844742806,G0,,-0.3376741697290929
GGTAACTAGTCCTACA_SRX17782709,0.019033803440314023,0.45743939612954154,-0.8890370704183801,G0,,-0.3549993303176982
AATGGAAGTCGCTGCA_SRX17782709,0.5632549073115283,0.6559576821002369,0.5024574362005589,S,0.6016213816585706,
GAGGGATGTCCGGTCA_SRX17782704,0.17780410632011784,0.8351028289556788,-0.520566013631805,G0,,-0.2301627855538603
AAGACTCGTAGCGAGT_SRX17782706,0.3044496933478233,-0.18241217514307337,0.9348990337834806,S,0.800612010174192,
GTCAAACTCACGGACC_SRX17782704,0.0289572300945784,0.6632408662273506,-0.7478456404424133,G0,,-0.2887449262868767
ATAGGCTGTCCACTCT_SRX17782709,0.4449710999819796,0.7956300611437712,0.4110639040363584,S,0.5641650722677825,
CGGCAGTCAATTTCTC_SRX17782706,0.4073202073374325,0.41951799963264613,0.811230450828342,S,0.6639516641099956,
TCATTCATCTGGACCG_SRX17782709,-0.7298388489905092,-0.37690645773893294,0.5703305006197766,G1,0.0497996630633039,
GAGACTTGTTCGGTTA_SRX17782706,0.5369592346232904,0.8354668185419588,-0.11691910964911897,G1,0.5260867127623984,-0.186933690995017
TCGCTCATCAGGGTAG_SRX17782706,-0.5470923488185043,-0.6905046553998203,0.4731735171087943,G1,0.008289202106132,
CTATAGGAGATGGTCG_SRX17782706,-0.6961603961152988,-0.41062533844662696,0.5888525864445813,G1,0.0399051313805379,
TCCCACAAGCGCACAA_SRX17782706,-0.17186299900516766,0.7679300618801022,-0.617046692984507,G0,,-0.2156611297458249
CCGAACGAGACGAGCT_SRX17782706,-0.13795619050177504,-0.8725777658681556,0.46858977922154066,G2M,0.9435354585868586,
TCATCCGCATACGCAT_SRX17782709,0.3512819216029084,-0.4031124725754293,0.8450451231888594,S,0.8236019760265529,
CATGCTCGTGGACTGA_SRX17782709,-0.26196057669476347,0.7121384731102004,-0.6513336398151872,G0,,-0.2199975176507749
GTCCACTTCGGTTGTA_SRX17782704,0.08080119452856555,0.7579441672635937,-0.6472956787258021,G0,,-0.2578332068473384
GGGTAGAAGGTCTACT_SRX17782704,0.32544503708665196,0.7102349749618957,-0.6242209074302105,G0,,-0.2932786909224165
TTATTGCTCCCTTGTG_SRX17782704,-0.44303764107369026,0.5309998888140182,-0.7223272470504715,G0,,-0.2398646036617111
TTGGGTAGTTCGGGTC_SRX17782704,0.37085091233283257,0.8457249602730618,-0.38369103463418797,G1-G0 transition,,-0.2234015967900563
ATCGGCGAGTAGACAT_SRX17782704,0.6441588264530721,0.6097058935775075,-0.4618636161297185,G1-G0 transition,,-0.3156075557485223
CTGCCTAGTGTTTACG_SRX17782706,0.6049544516224249,0.790478314047136,0.09578223086410653,G1,0.5545133794156598,
ATTTCTGCACTGAGTT_SRX17782704,0.2051632603191812,0.7140514645729621,-0.6693568291722891,G0,,-0.2866405396319028
CTCTGGTAGTATTCCG_SRX17782704,-0.0037895602596234035,-0.7556059589677965,0.6550154821653111,G2M,0.9108249532162808,
ACACCAAAGCCGCTTG_SRX17782706,0.4851629591758344,0.5582448770454937,0.6730375512105353,S,0.6273248533427277,
CTCAACCTCTCGTCGT_SRX17782704,0.0890041974778426,0.9869552122715016,-0.13415535148607763,G1-G0 transition,0.4561234651571118,-0.1051464891793375
CAGATACCACTCTCGT_SRX17782704,-0.3626570936120567,0.6028093392256686,-0.7107043962732138,G0,,-0.2368607891431617
GGACGTCTCTGGAAGG_SRX17782704,-0.34784098844324296,0.7156851121790266,-0.6056412747655952,G0,,-0.1976783891931331
ATATCCTAGACATGCG_SRX17782709,0.5700810443710294,0.2486954081854087,0.7830440934687563,S,0.6940991423282651,
ATCCATTCAATCAAGA_SRX17782706,-0.15795861036006517,0.9467452912897796,-0.28057525367416536,G1-G0 transition,0.4098021622423529,-0.1118706487456016
CACTGTCCATCGGAGA_SRX17782706,0.42385043319083027,-0.00758722048939795,0.9057004104969163,S,0.756616298310227,
CCAAGCGAGACTCATC_SRX17782709,-0.8073286520780795,-0.31219189634065453,0.500755931520174,G1,0.0739456839973175,
ATGACCAGTCTTTCTA_SRX17782709,0.6499343784747358,0.7437180910186356,0.15642425021679035,G1,0.5685538791915,
GCTTTCGCACTCACTC_SRX17782709,0.37254718074516924,0.840950467770828,-0.39244223823318647,G1-G0 transition,,-0.2263395049089591
CGTGTCTTCGGTATGT_SRX17782704,0.12920447662561568,0.9779564265898109,-0.1640351847091784,G1-G0 transition,0.460345353823598,-0.1194960151670075
GCAGTTAAGTTACGGG_SRX17782704,0.20368595225410113,-0.08438943331822263,-0.9753925397542977,G0,,-0.5302017670611574
AGCGTATGTGTGCCTG_SRX17782709,0.646892642573398,0.7248815467359517,0.23680473031032434,G1,0.5769507923981071,
CAACGATTCCCTTGTG_SRX17782706,0.3469006643970015,0.9180990367225409,0.19171286959680203,G1,0.5210542574670416,
ATGGATCAGTCACACT_SRX17782709,0.10569712929672637,0.6678091975350116,-0.736789609917808,G0,,-0.2959955247936023
TTGTTCAAGTCGGCCT_SRX17782704,-0.5256482051723598,0.5514844481744803,-0.6477337554062239,G0,,-0.2088431589694732
TTGGATGCATAGACTC_SRX17782709,0.43675049084099254,-0.2312353421304459,0.8693556234823181,S,0.7903962149713605,
TTTCACAGTAGTTACC_SRX17782706,0.5192580626922658,0.619384026794394,0.588841534008271,S,0.6116428403937302,
CGGAGAATCCCTTGTG_SRX17782709,0.5502610252962861,0.8344579572629841,0.029878109675510023,G1,0.5393688685072986,
CTCAGGGTCCATCCGT_SRX17782709,-0.43203608569867447,0.4906360676682281,-0.7567171878482329,G0,,-0.2553977862166459
CGAGTTACATTGTAGC_SRX17782706,-0.10579837533636677,0.8992005924479626,-0.42455258667432905,G0,0.4096585137166346,-0.1604395625486453
GTCATCCGTTCGGTTA_SRX17782706,0.06561025938940424,0.6234228470283557,-0.7791273266110985,G0,,-0.3074865944689363
GACTCTCTCTCGAACA_SRX17782709,0.16166692888257606,0.7858632204459608,-0.596894199711598,G0,,-0.2529021738124165
GCACGGTCAGGACGAT_SRX17782709,0.2560014749093767,0.844443755361334,-0.4705083232247582,G0,,-0.2278596592002713
ACGGGTCGTTGGAGGT_SRX17782706,0.04370476960862257,0.878607638131691,-0.47554010850123507,G0,,-0.1953799997011569
ACTTCCGAGTTCCAGT_SRX17782706,-0.24229318152233043,0.5444292540115682,-0.8030509083426308,G0,,-0.283240397997498
GCGAGAATCACCGCTT_SRX17782704,0.5926165703476327,-0.17576400301666664,0.7860741508719187,S,0.7645598776852268,
TTGAGTGGTGATAGTA_SRX17782704,-0.37102311658037923,0.7491780876442417,-0.5487020536596441,G0,,-0.1764581956964714
TCAATCTCATCGGATT_SRX17782709,0.4205699463989737,0.7343525302609394,-0.5327731748495984,G0,,-0.2813097014020405
CGTGCTTGTCATGCAT_SRX17782704,0.6441341491134034,0.7300272643887196,0.2283668992334621,G1,0.5754339678015405,
CCCATTGAGTTGGACG_SRX17782704,0.6072164194986546,0.7397598112615542,0.2899029182076245,G1,0.5761681560912293,
GGCTTGGGTTAGGCTT_SRX17782704,0.48228663896377416,-0.05353220512087784,0.8743762303304353,S,0.7580001716096172,
ATGAGTCCAAGAGTTA_SRX17782709,-0.5613986214931057,0.027029651412170508,0.8271040572934504,G1,0.0399775759938373,
AGTGCCGAGAGCAGAA_SRX17782704,0.4904597986602095,0.11651717779881104,0.8636393543909084,S,0.7267449464265738,
GTAGGAGCACCGGTCA_SRX17782706,0.6601741446597778,0.3149730616748743,0.6818811362943027,S,0.6745288010024331,
GAACTGTGTTCCGGTG_SRX17782706,0.32842578881870393,-0.5488045926676854,0.7687327424156077,G2M,0.8429607092063278,
TCTTAGTTCCTTCAGC_SRX17782709,0.5447094815573111,0.5841786281852879,-0.6016868125346131,G0,,-0.3393394183991095
CTTCCGACAGAGGTAC_SRX17782704,0.6404027945099514,0.4729617608470785,-0.605137492670788,G0,,-0.3735601968475062
TGGTTAGAGATTGGGC_SRX17782704,-0.45305245348940076,0.8142239629412901,-0.3630188875888891,G0,0.3558094727388103,-0.1115643996429014
CGGTCAGGTCGTATTG_SRX17782709,-0.14653499590714036,0.9887493210047688,0.03004036006311018,G1-G0 transition,0.4283048185379297,
ACAGCCGAGCGAATGC_SRX17782706,0.542574651036957,0.5787809788997486,-0.6087899231581838,G0,,-0.3416771227708395
TTCCACGTCTGAGGCC_SRX17782704,0.025260255525282216,0.6457927117319378,-0.7630947829213883,G0,,-0.2945554374145879
ACTGCAATCGTGCAGC_SRX17782704,-0.7865201016653297,-0.2640333687905419,0.5582763753470685,G1,0.0718619625477917,
TCTTAGTCAGGTAGTG_SRX17782706,0.11749076931375226,0.9204335098574191,0.3728243407963464,G1,0.5021136570778514,
GAGAAATCACTTGGGC_SRX17782706,-0.46446121982015576,-0.7887206510406618,0.4027349438208735,G2M,0.997410999494774,
AATGACCTCAAACGTC_SRX17782706,0.24032921744061853,-0.5698605004171828,0.7858121178651161,G2M,0.8571802616074475,
AATGAAGCACTAGAGG_SRX17782709,0.5703310137801628,0.7492420264936446,0.3366879996855911,G1,0.5756733025373064,
CTCACTGTCGACGATT_SRX17782704,0.3248056026111654,0.5022748025598185,-0.8013871001610064,G0,,-0.3708513245882339
GCTGCAGCAAGTTCGT_SRX17782709,-0.010425774055626225,-0.7497426139041031,0.6616471734129421,G2M,0.9113353644941266,
GTAGCTATCAGCACCG_SRX17782704,-0.08047288606774355,0.8473698314843708,-0.5248699378869555,G0,,-0.1947673154895746
AGGACTTAGGATGGCT_SRX17782706,0.5301558732566084,-0.0010062013595855401,0.8478996646975955,S,0.7441466188815804,
ATCACTTTCTCGTGAA_SRX17782706,0.3193993004938052,0.39203520819768567,0.8627238693474834,S,0.6741754423209134,
CTGGACGCAACAGTGG_SRX17782709,-0.1361971334401842,0.7617221391152247,-0.6334270664857387,G0,,-0.225070875106266
CTACTATTCTCGTGGG_SRX17782709,0.29038394724902955,0.9296378010935542,-0.226827240470642,G1-G0 transition,0.4805552206244444,-0.1640503855862658
TATTTCGAGACGCTCC_SRX17782709,0.32720932526400437,-0.8178507967964639,0.47334380031071055,G2M,,
GGAATCTTCGCACTCT_SRX17782704,-0.2080122991677133,-0.8333508996635295,0.512110288000335,G2M,0.951411952404784,
CCCTGATGTCTCAGGC_SRX17782706,-0.5206629685428279,-0.7760535876129174,0.3558804382663613,G2M,0.0091641116969802,
TTGGGTACAGCACGAA_SRX17782706,0.5089447840328482,0.8556074246962121,0.09439892363769287,G1,0.538114297373019,
ATGGGTTCACAATCTG_SRX17782706,0.38164734971179215,0.8901402994471436,-0.24898880585488095,G1-G0 transition,,-0.1875544796089191
CTCTCGAAGCTCCATA_SRX17782706,0.7448761587728275,0.6254084728430889,-0.2324302530834823,G1,,-0.2735262385931208
GATTGGTCATGGAACG_SRX17782706,0.08096371982417161,0.8688299293221822,-0.4884458425269112,G0,,-0.2047866393248676
CAATCGAGTGTTGACT_SRX17782704,0.6978769913278885,-0.32277443034673997,-0.6393625024339976,G0,,-0.5935846570833153
TTCCAATGTAGTCTTG_SRX17782706,-0.20823751876117924,0.6640608883513144,-0.7180950031282846,G0,,-0.2497010219043339
GTGTAACGTGGCGTAA_SRX17782704,0.2800952062957144,0.5211256715864607,-0.8062101585175254,G0,,-0.3620351462778534
CCACGTTTCCTCTAAT_SRX17782706,0.7485535404842136,0.4719208828507829,0.4657877085122981,S,0.635410721631143,
TCAGCAAAGCCTCTTC_SRX17782709,-0.029431245812365503,0.8412494527194647,-0.5398453980281949,G0,,-0.2059163169878479
CCCTCAAGTCACTTAG_SRX17782709,-0.08059401783950104,0.5826536208700482,-0.8087146919710066,G0,,-0.3006896262836532
GTGCAGCGTGTGTGTT_SRX17782709,0.22268353723786394,-0.45286801618175443,0.8633206434323946,G2M,0.8473492067443394,
ATTACTCCATGACTCA_SRX17782709,0.6367621623275641,0.726421137057231,-0.25854624603014315,G1,,-0.2491354755120848
ACAGAAAAGAGCGACT_SRX17782704,0.7198383450985512,0.6863006914974014,-0.10403886205473328,G1,,-0.2315270565690628
CAACGATGTCGAGTTT_SRX17782709,0.03181988266378849,0.718858100496506,-0.6944281478506296,G0,,-0.2680795218902353
GCAGTTACAATTCTTC_SRX17782706,0.365096511731619,0.8696647434929576,0.3322465435785843,G1,0.5396220392073268,
TGAATGCAGGAGGCAG_SRX17782704,-0.752924957167452,-0.3179472630450316,0.5762062710384517,G1,0.0589235937889828,
TCGCTTGGTGTCTTCC_SRX17782706,-0.07762538546068609,0.8490687777671185,-0.5225482082621401,G0,,-0.1943598265339113
AATGGCTAGCTAAATG_SRX17782704,0.25849240577650645,-0.48632882575629127,0.8346652534737392,G2M,0.845837391864688,
CTTCTAACACTACAGT_SRX17782709,-0.39747284594724797,0.5958962554710503,-0.6977985163101946,G0,,-0.230367403955452
TGCAGTAAGTGGTGGT_SRX17782704,0.4938891616145291,0.5857118097397678,0.642662618799915,S,0.620354485333941,
TGTTCTATCCGATTAG_SRX17782709,-0.20616903987175594,-0.9017787658146483,0.37985427717011966,G2M,0.9589049449783646,
AGTGACTAGCTTTCTT_SRX17782704,0.2834336970786204,0.8751293069543886,-0.39219122795001354,G0,,-0.2091148589060631
CTACCCACATGCCGAC_SRX17782704,-0.2594174089746153,0.6724339900992112,-0.6932063754701714,G0,,-0.2359233871647892
ACATTTCTCTCTCGAC_SRX17782709,0.2115386910625751,0.833875556137578,-0.5098067436973333,G0,,-0.2324275096658461
GCCAGTGTCATTTCGT_SRX17782709,0.23352636748671163,0.900886370878401,-0.36588128874163245,G1-G0 transition,,-0.1925179163195829
AGACAAACATGTTCAG_SRX17782706,0.5036847082357744,0.8523881367678441,-0.14048499728467065,G1,0.5190678173141401,-0.1851852476455124
GTGATGTTCGACATAC_SRX17782704,-0.20893140728020432,0.20867038631614432,-0.9554079524051069,G0,,-0.3811207535998571
TACTTCATCTACGGGC_SRX17782709,0.19624347609137166,0.6471042523831184,-0.7367119923236753,G0,,-0.31188292928801
GCCATTCCAGTCGGAA_SRX17782706,0.17879646411974215,-0.7626142106779688,0.6216521907707462,G2M,0.8847777683576814,
CGGGACTTCGAACGCC_SRX17782709,0.025924352960855546,0.8918752335616609,-0.45153786053339173,G0,,-0.1855054277230041
AGGTCATTCCAGGACC_SRX17782704,0.6799933019454294,0.6466039552035918,-0.34570572331175387,G1,,-0.2874315572700416
CGTCCATCACGTTGGC_SRX17782704,0.13718773799885797,0.5166805730486964,-0.8451157836141799,G0,,-0.3513448204483625
TATGTTCCAAGTGCTT_SRX17782704,0.5310948266981347,0.7809300122958552,-0.32876519220481504,G1-G0 transition,,-0.2424254503938082
CTTCTCTGTACGGCAA_SRX17782706,0.449104218984804,0.008672993919455585,0.8934371377346955,S,0.7509394765356681,
AGGTTGTCAGAAGTGC_SRX17782704,-0.10205742898959225,0.8636272763970203,-0.4936922501605213,G0,,-0.1822869181745696
TGGGAGAAGGGTGGGA_SRX17782709,0.06176601383535141,0.9587150831233945,-0.27757949956880373,G1-G0 transition,0.4434889950565059,-0.1399380691874503
TCCGGGAGTTGTATGC_SRX17782704,0.41882665143552,0.549485780328281,-0.7229450221500748,G0,,-0.3568279548130407
CTTTCAAAGCTAAACA_SRX17782706,0.6654523963919924,0.7309994055523963,0.15103957032848941,G1,0.5708800501227911,
TGTTCTAAGGCTATCT_SRX17782706,-0.30902948955368714,0.5255595805424705,-0.7926461800753719,G0,,-0.2747401096893763
GCAGTTATCGCATTAG_SRX17782709,-0.28519724352297143,0.44403028171594877,-0.8494112646181332,G0,,-0.3041312427401598
TCGGGACCAGCTATTG_SRX17782706,-0.6198801197852771,-0.7651685733742585,0.17397096389524025,G1,0.0364777187154286,
ATGCATGCATCTCAAG_SRX17782709,0.43940088432020147,0.06663042186237932,0.8958164812387367,S,0.7412687271411726,
AGATAGATCAACGCTA_SRX17782706,-0.5261138690389453,-0.8295508988670236,0.18721514217488255,G2M,0.019692098090195,
TCGGTCTCAAGCCCAC_SRX17782704,-0.261445277329696,0.7460404638652289,-0.6124296873654527,G0,,-0.2060525395099239
CATAGACGTTGGTGTT_SRX17782704,-0.16949114118055203,-0.8822576677843517,0.4391973052668712,G2M,0.9499757384221162,
GGAGCAAAGGCGATAC_SRX17782704,0.2934816154656555,0.38621495777456705,-0.8744749509621681,G0,,-0.4065796287265026
GTTCGCTGTGTTCCAA_SRX17782709,-0.03745361126066066,0.8915562279744067,-0.4513587648921784,G0,,-0.1769994540459484
GAGGCAATCTGGTTGA_SRX17782709,-0.32922664512306765,0.7733595189119244,-0.541779249475683,G0,,-0.1767373434693721
TGTAACGTCCTACACC_SRX17782704,-0.17570790028052652,0.09734000292090464,0.9796180626022477,S,0.8526510289543587,
AGCTACACAGGACTTT_SRX17782704,-0.520373975233269,0.6013934236992233,-0.6062482423023803,G0,,-0.1924514895950106
TTCGCTGTCTTTCTAG_SRX17782709,0.07689789265355051,0.7986730140890171,-0.5968317225399887,G0,,-0.2395456416993172
GTAACCACAGCAGGAT_SRX17782704,0.4961805412779733,0.6555274738750518,-0.5692877558501785,G0,,-0.3128788218405222
AGGATAATCGAGCCAC_SRX17782704,-0.1809299325562742,0.8521249234904785,-0.4910673979437271,G0,,-0.1728699676451009
TTCTAACGTATGCGTT_SRX17782704,-0.0009063283188233129,0.7112705383088552,-0.7029178257510276,G0,,-0.2667847763433207
TGCGACGCAAGAAATC_SRX17782709,0.4602696128665132,0.4211520496211914,0.7815259992999091,S,0.6617699615156726,
ACCGTTCCAGTCCCGA_SRX17782706,-0.36604517134546466,0.7958616408380609,-0.4823019791561991,G0,0.363995496470791,-0.1546063860734597
CGGAACCGTACATACC_SRX17782709,-0.4046984434286177,0.7320099946056615,-0.5480697857468395,G0,,-0.1744578374609626
TGTTCATGTTTACCTT_SRX17782704,0.03500896257251995,0.7845789903752735,-0.6190395823449194,G0,,-0.2411487186402038
CTGTATTCAATCAGCT_SRX17782704,0.5341851834603653,0.3530622360523527,0.768110157504064,S,0.6742527024234649,
CATCCGTTCCCATGGG_SRX17782706,-0.4132891246959477,0.5620088985543965,-0.7164760472051404,G0,,-0.237716061692868
AATGACCCATACCATG_SRX17782706,-0.7163166223496744,0.5006388239819318,0.48605684260986004,G1,0.2604566127670345,
CTATCCGTCGTGGGTC_SRX17782706,-0.44875867337659664,0.7352011113616448,-0.5080304956972217,G0,,-0.1588360512127007
TTACGCCAGGTAAGTT_SRX17782709,0.20577800095151122,0.6566504049898952,-0.7255795846239722,G0,,-0.3090391954690012
ATCAGGTGTCGGTGAA_SRX17782704,0.4598347184075986,-0.36550587626958125,0.809294227297373,S,0.8051433817012985,
AGTACTGGTGTAGGAC_SRX17782704,-0.4045466020736335,0.661867696101607,-0.6310889805357207,G0,,-0.2041803740238847
CGTGCTTGTTTAGAGA_SRX17782706,0.20534343339321215,-0.3050573099045381,0.9299323006492102,S,0.8324508470912937,
TCAGTCCGTGTTCCAA_SRX17782709,-0.17437527839330413,0.7786029572155443,-0.6028022081632632,G0,,-0.2104643148102053
CCATAAGTCAACACGT_SRX17782704,0.1734674385487796,0.8226399075362633,-0.5414541473431854,G0,,-0.2362275722579796
TTTACTGCATGCGGTC_SRX17782709,-0.09213794709974349,0.6315529132043296,-0.7698387647642644,G0,,-0.2822929443933701
CTGTATTTCTCGCTTG_SRX17782704,-0.7386391490666558,0.39746713435326064,-0.5444557684341509,G0,,-0.1808590397340465
GGAATCTCAGTTGTCA_SRX17782709,-0.1793242796181369,0.7354228705690036,-0.6534492988742047,G0,,-0.227898807209097
GTCGTAAAGATGCTTC_SRX17782704,0.4018621221388452,-0.02375333645823754,0.9153920473804363,S,0.7619978732907481,
AAGGAATCACCGGTCA_SRX17782709,0.18912138954618385,0.9050203480201163,-0.3810134044058948,G0,,-0.1893565024191991
ACTGATGTCGGAACTT_SRX17782706,0.45290596287582285,-0.20337900640832998,0.8680513286012654,S,0.784480862019808,
GCATGATCACTCCGAG_SRX17782704,-0.43842576097407704,-0.5530571520150578,0.708456536596169,G1,0.9786803639494434,
GTATTTCCAAGGGCAT_SRX17782706,-0.4460986930915583,-0.42957404998030313,0.7851510142075845,G1,0.9774552026237222,
GTTGAACTCGGAGTGA_SRX17782709,0.0032049282626469,0.877606128199756,-0.47937185649950254,G0,,-0.1909827834471678
TTTAGTCAGCGACTGA_SRX17782709,0.6142627361414277,-0.6608160998312217,0.43128115433493674,S,,
CGTTGGGCAGCGACAA_SRX17782709,-0.5996157290648485,-0.7252232728997109,0.3383964788715662,G1,0.0238139202731696,
CATTGTTAGTTTCGAC_SRX17782706,0.5777157983877044,0.49936496948846354,-0.6456617477151954,G0,,-0.3697866290791144
AACCACAGTTAGGCCC_SRX17782704,-0.05970005065427275,0.8396855360912452,-0.5397815548053262,G0,,-0.2021027548334851
GAAGCCCTCTCTAAGG_SRX17782704,-0.23754896036297807,0.8046066351805451,-0.5442228608855115,G0,,-0.1847468695865131
TCACTATGTGCTGTCG_SRX17782704,0.4003431089538485,0.820420009443151,0.40821111355671835,S,0.5559766566797317,
GAGATGGTCGCAGTTA_SRX17782709,0.5888715590633242,0.8081904074963954,0.007656256373737791,G1,0.5440721372833035,
CTCCTCCTCATCGCAA_SRX17782704,-0.34548932145478317,0.7868203960796892,-0.5114202374647774,G0,,-0.1655089037286736
CGGCAGTGTGAGTAGC_SRX17782704,0.3796516951908339,0.9028123411842495,0.2019768462947648,G1,0.527367587705518,
CCCTCTCTCAAAGACA_SRX17782709,-0.8470880582016044,-0.21928483003488472,0.4841032253553242,G1,0.0925204098686572,
GGTGAAGCACGCGTGT_SRX17782709,-0.3909474019095536,-0.70789074748054,0.5882607506469739,G2M,0.9758865591712532,
GGAGGATCACGTACAT_SRX17782704,-0.114495997124931,0.9651252253653537,0.23542288959460203,G1,0.4467607626720158,
CGCAGGTCACCATATG_SRX17782704,-0.5146905148699215,0.1560224549308953,0.8430602922920047,G1,0.052627279202356,
GTAATGCCATCCTGTC_SRX17782709,0.2945658650565852,-0.6667105530634488,0.6846371077277336,G2M,0.8596055921460825,
ATTCATCTCCTACACC_SRX17782709,0.1535557255444197,0.7384780400815649,-0.6565597340217946,G0,,-0.2728142666244707
CATTGAGAGCTGTCCG_SRX17782709,0.18678195708407486,0.7018032463834745,-0.6874478950185783,G0,,-0.2902572027917366
GACGTTACAAAGGCGT_SRX17782709,-0.8842203856471025,0.4506995227547409,0.12257343950468377,G1-G0 transition,0.2502908783736126,
CCAATGAAGACAGTCG_SRX17782704,-0.35019213258937,0.9364923942452813,0.018641433483165652,G1-G0 transition,0.3911094879880943,
GTCTCACAGTAACCGG_SRX17782704,0.2335432895532755,0.9692719409482389,-0.07726189199617922,G1-G0 transition,0.4816589448211887,-0.114938967056271
TCCTCCCGTCCACATA_SRX17782709,0.8130963887089457,-0.15275488320539948,0.5617297629964215,S,0.7373138976444449,
TGATTTCGTGATACAA_SRX17782704,-0.3002275736363542,-0.8603779337306526,0.4118411940385225,G2M,0.9711565835010548,
ATAGACCCACGACTAT_SRX17782709,0.04834731462937286,-0.7535628320621119,0.6555955810586149,G2M,0.902678367349615,
GTGTGGCCACAGACGA_SRX17782704,-0.21186379478243134,0.79547967333137,-0.5677374668335177,G0,,-0.1949290430859285
ACGTCCTCACCCTTGT_SRX17782706,0.378488945072457,0.77419915910142,-0.507308383409039,G0,,-0.2635134597148809
TTTGATCAGACACACG_SRX17782706,-0.3373174277803504,0.7196767157765264,-0.6068626037373495,G0,,-0.1987426990601853
CATGCTCAGCTGACTT_SRX17782704,0.06241142082756573,0.5218414863585366,-0.8507562792873117,G0,,-0.3409378690765486
GTTAGACCACCCATAA_SRX17782706,0.36981913840595426,0.5621789739841375,-0.7397220287362916,G0,,-0.3515987044219737
GGAATCTTCGCCTTGT_SRX17782704,-0.8507577422335281,0.43492175428750435,-0.2950494427649666,G1-G0 transition,0.2654147329328652,-0.1011124723594939
CTTTCGGGTGGACAGT_SRX17782706,0.22394392857887735,0.8324798640425441,-0.5067802583370868,G0,,-0.233616590550699
CTGTCGTAGACGCATG_SRX17782709,-0.20717662781213805,0.8655237920326025,-0.4560113909090861,G0,0.3919443868678958,-0.1591937828750287
GTCATGACATTCGGGC_SRX17782709,-0.9189149323376913,0.3923738307127311,0.040473991355431393,G1-G0 transition,0.2415502339874488,
TCAAGTGAGGTAGCAC_SRX17782704,0.5557969807674031,0.589236176645812,-0.5864218158016243,G0,,-0.336367290524434
ATGACCACAGACCGCT_SRX17782706,0.013227726510862126,-0.6881131428590622,0.7254828941092342,G2M,0.9022248152049056,
TGGGTTAGTGCAAGAC_SRX17782704,0.2757031228648415,0.6524473950257387,-0.7059038550412022,G0,,-0.3148521282802775
CAACGGCCACAAATCC_SRX17782709,0.353389035051655,-0.6388004902907107,0.6834106831576338,G2M,0.8491016646815587,
TAAGTCGCACGATTCA_SRX17782704,0.5959881606301153,0.6942976800265681,0.4034213167193282,G1,0.5903826854178832,
ATCTCTAGTGGACCTC_SRX17782709,0.5007721165685525,0.8605370503072493,0.09329154403342438,G1,0.5366705392833403,
AGACTCAAGATCCCGC_SRX17782704,-0.778442049099469,-0.5057232723374598,0.37184928653616056,G1,0.0607969824284606,
AGAGAATAGCTAAATG_SRX17782704,0.1351325355803643,-0.5634323038417199,0.8150355430878763,G2M,0.8719181051167313,
CTACATTGTATGTCCA_SRX17782704,-0.49580837596447896,0.018644345889410968,0.868231675368862,G1,0.0102529839743967,
CATGCAAAGGAGTACC_SRX17782706,0.4310999579972089,0.8837447656794879,0.18206577712267616,G1,0.5337200993929541,
AGAGCCCCAACACGAG_SRX17782706,-0.2798718317394613,-0.8621860334571742,0.42226385928475063,G2M,0.9674799355064124,
GGTAGAGCACGGTAGA_SRX17782706,-0.3923178054579884,-0.8898736742218956,0.2328337531615986,G2M,,
CTTAGGAGTCGCATTA_SRX17782709,-0.6790302175248006,-0.5974364003719682,0.42660007973772,G1,0.0359545228951249,
ATACCGACACTACGGC_SRX17782709,0.4075408313867279,0.7147470534717228,-0.5683724036610274,G0,,-0.2908664355854568
ACGCACGGTTGTTTGG_SRX17782706,-0.32930830371336606,-0.9092001944579507,0.25477640454346895,G2M,,
CCAATGATCGCAGATT_SRX17782706,-0.022242791083216695,0.717248267111908,-0.6964626105062968,G0,,-0.2614996398428439
TTGTTTGGTATCGTAC_SRX17782704,0.07830745352862112,-0.7704216706478717,0.6327070768901562,G2M,0.8998135673139804,
AGAACAAAGTGCCAGA_SRX17782706,0.23356842316256093,0.4691362237956266,-0.8516788925862362,G0,,-0.3757707513734931
AAGACAATCACTGTTT_SRX17782709,-0.6339657424062688,0.5296998824138456,-0.5634761832168412,G0,,-0.1786567118154908
ATGCGATCACAAGTGG_SRX17782706,0.018682741354840438,0.7183826726655352,-0.6953972765192644,G0,,-0.2666001627720263
TACCGGGCACACGGAA_SRX17782709,0.7912311500286262,0.563756128630489,-0.23692273759170646,G1,,-0.2906268151430693
ACTCCCAAGACTCAAA_SRX17782706,-0.5269362132641612,0.4012954824840907,-0.749199738215042,G0,,-0.2548477792322527
TTAATCCCACGTCGTG_SRX17782709,0.14561455601298956,0.7353112993777573,-0.6619016380357612,G0,,-0.2734595389399865
TCTCACGGTATAGCTC_SRX17782704,0.5530247213343611,-0.2648869519025131,0.7899358079491664,S,0.7811997188487381,
TTCACGCTCTAAGCGT_SRX17782709,0.5639495866512875,-0.688053392201464,0.45666550399363853,S,,
GTCATTTAGAACTGAT_SRX17782706,-0.17944804718632568,-0.8147377883675615,0.5513625202396728,G2M,0.944711400517642,
CGCCATTCATGTTCAG_SRX17782704,-0.29695544360790727,0.4875632881655515,-0.8210354906189441,G0,,-0.2889343931911956
TTTACGTCAGTAGTGG_SRX17782709,0.5739600643798305,0.5631022589181975,-0.5945466013657335,G0,,-0.3453847160357581
GTTGCGGAGAGTTGCG_SRX17782706,-0.18814682966540314,0.7399041216222273,-0.6458658295419161,G0,,-0.2243186063309228
TCCTGCATCCCTCTCC_SRX17782709,0.4153078276941375,0.7454392936479515,-0.5213824218679856,G0,,-0.2762256137247287
GATGAGGTCACCCTCA_SRX17782706,0.2599613234445103,-0.2573599142094126,0.9306911009332433,S,0.8178211749259241,
AGGTCATTCCGACATA_SRX17782704,-0.6696854621588616,-0.31395036891430617,0.6730203589935106,G1,0.03697061150456,
TCGCACTAGTATAGAC_SRX17782706,0.40946392664907777,0.29332912471771094,0.8638850106576614,S,0.6951665575612571,
TCTACATAGGTAGCAC_SRX17782706,0.07036393116956574,-0.7689750819781673,0.6353944402509191,G2M,0.9008432170926698,
ATCGTAGTCGTACCTC_SRX17782706,0.5228650736636683,-0.03338189389913749,0.8517616191358055,S,0.75031680781,
GCCTGTTCACTCTAGA_SRX17782706,0.0578962472642261,-0.7728985388691271,0.6318828818048421,G2M,0.9030566076713068,
ACATCGATCTTTCCGG_SRX17782704,0.6890434986046718,0.715070658887466,-0.1178684940124618,G1,,-0.226089407382883
TACTTACTCCTTATGT_SRX17782704,-0.03545457145693187,0.8413804460879414,-0.5392790746443191,G0,,-0.204964279367367
GTCAAACAGTGCACCC_SRX17782706,0.37474825223132024,0.1850025201022949,0.9084810434006672,S,0.7230236071937093,
TGCAGGCTCCTCGATC_SRX17782709,0.41233283339133564,0.3921919512455553,0.8222936442295229,S,0.6707234121351109,
AGCCAGCCACCTTCGT_SRX17782706,0.29199412160636906,-0.38066734772803595,0.8774005512327869,S,0.8290369403675546,
TGAGGAGCACCCAATA_SRX17782704,-0.8495351961900834,0.005227529749602666,-0.5275060078792961,G0,,-0.2229510855658051
CCACACTGTTTGTTGG_SRX17782709,0.12596407446818436,0.9052269466086142,-0.4058291404513022,G0,,-0.1864829942249277
TGTAACGCAGCAAGAC_SRX17782704,0.45525050209925577,-0.34288339831943093,0.8216921518053797,S,0.8028959565318832,
TTCGATTCAAGCTGCC_SRX17782706,0.5850443592177229,0.7879746532717786,0.19188282571276588,G1,0.5606392927781727,
GTCTCACGTTCCGCTT_SRX17782704,0.38840649755753054,-0.025363125860694294,0.9211389782572834,S,0.7638629303910808,
ACGTACACAACCAGAG_SRX17782704,-0.11347104700446697,0.5340362480810766,-0.8378123503738923,G0,,-0.3107953858685216
TCAGCCTTCATCGACA_SRX17782704,-0.32173779329471613,-0.8666921836370581,0.38122093301407217,G2M,0.9761653045162108,
GTTACGACAGTCAGTT_SRX17782706,-0.37193250813918327,-0.8892967542686585,0.26611584683122785,G2M,0.9905084326267974,
GTCAAGTCAGAGGAAA_SRX17782706,-0.039907406671778944,0.87432143833323,-0.4837038896904222,G0,,-0.186697703545229
GAATCGTAGCACTCTA_SRX17782706,0.5276920893671443,0.8442731143715316,-0.09350935239861216,G1,0.526191160877766,-0.1790055986077897
AGGAATAGTATGGAGC_SRX17782704,-0.08674759144169142,-0.924490887185613,0.37120276403133806,G2M,,
GGAGATGAGCACTGGA_SRX17782709,0.876375608536754,0.08934410132219628,-0.47326892893295996,G0,,-0.4496078131487575
CTAACTTAGCATACTC_SRX17782706,-0.3702602600546972,-0.27488435233157293,0.887325175228838,G1,0.9550291883534462,
TCCTCCCGTGGACTAG_SRX17782706,-0.3711716654988234,-0.8433021921210953,0.3886811022837117,G2M,0.9833337823288328,
GTGTGATCATCGCCTT_SRX17782706,0.47227549144039693,0.8679775028469173,-0.15352798128226675,G1,0.5131725447409244,-0.181504382138543
GACGTTAGTCAGGTAG_SRX17782709,0.04972976553618619,0.7259577977260424,-0.6859388271965366,G0,,-0.2674484390272803
CAGTTAGAGCCTCTGG_SRX17782706,-0.3127846335118927,-0.7682975143924475,0.5584662334085774,G2M,0.9648268615864026,
TCGCACTCATCGGAGA_SRX17782706,-0.060023771140653215,-0.7060532876696174,0.7056102980882998,G2M,0.915527179188649,
ATGGAGGGTACGGTTT_SRX17782706,0.07682903496477023,0.7372007987258671,-0.6712916303764431,G0,,-0.2660041339413341
TGGTGATCACAGAAGC_SRX17782704,-0.06858599415761568,0.7615665603334888,-0.6444472711019826,G0,,-0.236607238468981
GTTGCTCCAAGTGTCT_SRX17782709,0.3611624431651398,-0.006359900472935415,-0.9324811802227482,G0,,-0.5287955438590857
CTCATCGTCGAATCCA_SRX17782704,0.5518270262304561,0.525640470521962,0.6474481301364334,S,0.6338928371771684,
TGGGATTCACAAAGTA_SRX17782709,0.47262939339131516,0.5582308501919786,0.6819089448241178,S,0.627459999058215,
TACCGAACAGCCGGTT_SRX17782709,0.254204021199953,0.8348777546933812,-0.48822072939365035,G0,,-0.2330962257928565
GTTGTCCGTAGGCAGT_SRX17782704,0.020542077389276076,0.9853634297227423,0.16922448905095333,G1-G0 transition,0.4658128991434248,
TTCTGTACACATACGT_SRX17782709,-0.24944367537111417,0.574433720634657,-0.7796176215583523,G0,,-0.2721541226141341
GTACAACCAGAACTTC_SRX17782709,0.5737070410552861,0.8167849855947342,-0.06101289471675947,G1,0.5361829404999634,-0.1820860817009848
GTAATGCTCATGGGAG_SRX17782709,0.03503447792677042,0.9816970006253731,0.18719946789165898,G1,0.4696811892491612,
CCTCCAAGTGGGCTTC_SRX17782709,0.4844523273283204,0.7207376796281888,-0.4958255219178327,G0,,-0.2836544927323527
ACGTAGTGTTTGATCG_SRX17782709,-0.5432975194007736,0.7051539283148291,-0.4556156364572447,G0,0.3329122783046421,-0.1385220687738183
GGGTGTCGTCGAAACG_SRX17782709,0.5407290881180746,0.5401765732168645,-0.644842103084071,G0,,-0.3569229456624111
TAACACGAGTTGTAGA_SRX17782704,0.7173339330724798,0.6657487961323223,-0.20545239570064372,G1,,-0.2573394141578001
AAAGTCCCAGTTAAAG_SRX17782709,-0.3438482966594869,0.440873054048375,-0.829095579604055,G0,,-0.2917929925788446
CCTCTCCCACGACGTC_SRX17782706,0.4730257121013859,-0.12372296156824987,0.8723183297576427,S,0.7702495508984176,
AGACACTCACACCAGC_SRX17782709,0.3340757409618362,0.6954693459712998,-0.636172688958228,G0,,-0.2996152723934878
TCCATGCCATGAAAGT_SRX17782709,-0.11495232185694171,-0.46431291369368166,0.87817958904494,G2M,0.9061448475109788,
TCTTGCGCATCGGAGA_SRX17782704,0.5457260643463893,0.33754678413900485,0.7669714744990552,S,0.6770170967363021,
AATCGTGGTGCCTGCA_SRX17782709,0.7208116372036276,0.35282690662275795,-0.5966101895060807,G0,,-0.4059620550200266
TGAGTCAAGGATGTTA_SRX17782704,-0.6911946444840634,-0.606404906633467,0.3930938804684547,G1,0.0395605046436342,
TACGGGCTCGTCCATC_SRX17782704,-0.5785144325010897,0.17808246997990876,0.7959947910428568,G1,0.0927875720525129,
GGAAGTGGTCACCCTT_SRX17782706,-0.44583127309036974,0.442214982752525,0.7782546216789062,G1,0.2831588874507459,
GACACGCTCCAATCCC_SRX17782706,0.553527040254136,0.7950881393580973,0.24787618135522108,G1,0.5614010127849367,
TGTTCATAGTCTCCTC_SRX17782704,-0.2877445954188862,0.2892417809887535,-0.912985354900073,G0,,-0.3445090179299483
CTCTCGATCCTCTCTT_SRX17782706,0.36286039387925645,0.7034562520210581,-0.6111315635271659,G0,,-0.2964655623103129
CCCTCAACAAGTTGGG_SRX17782704,0.6247971966910486,0.723370161744628,-0.2938772042275776,G1-G0 transition,,-0.256021851403986
TCTATACGTCTTGAAC_SRX17782704,-0.1804032013021812,0.9735619719395957,0.14011297241563245,G1-G0 transition,0.4284872960168293,
CTAGACAAGCTCCATA_SRX17782704,-0.5303811511921963,-0.7379618301728164,0.41726267982083387,G2M,0.0077968837800487,
TGTTCTACATTAGGCT_SRX17782706,0.5425284470193448,0.6421357921047011,0.5415944630742338,S,0.6055714041722379,
TTCACGCAGAGCCGAT_SRX17782706,-0.45278581962043085,0.5488177518518279,0.7026976964206355,G1,0.3412690765233108,
TGTGAGTAGCATACTC_SRX17782709,0.276557785884896,0.8891371839359283,-0.36462443356105784,G1-G0 transition,,-0.199807946595578
CGGAATTAGAACCGCA_SRX17782706,0.6346747868021093,0.5329254499917824,-0.559623463249773,G0,,-0.3507531169158276
TGTGCGGGTATCAAGA_SRX17782709,0.6754758041595258,0.7285784821224145,0.11360413914292933,G1,0.5689925156125787,
CATTGAGGTTGCGGCT_SRX17782704,-0.22233363705349102,0.48690004310600415,-0.8446870347543333,G0,,-0.3048542680186454
TTCCGTGCAGGGAGAG_SRX17782709,0.2956573906229125,0.7890809911501755,-0.5384587509751413,G0,,-0.2571294807362083
ATAGACCAGACGCAGT_SRX17782706,0.060393075522333806,0.9347520150444871,-0.3501304296980336,G0,0.4390517651589423,-0.1603272376108621
TCATACTCATCATCTT_SRX17782709,0.5894193437426273,0.5510799658844824,0.5906739665862683,S,0.6266705998026922,
TAGGGTTAGGGTTAGC_SRX17782706,-0.6432726988687256,0.7646891355409298,-0.03808667004464139,G1-G0 transition,0.3281334029272584,-0.0059613812197439
AATCGACGTCCACATA_SRX17782706,-0.22124934909070554,-0.878992659809439,0.4223988809740997,G2M,0.9586702188908024,
GACCCTTGTGTCATGT_SRX17782706,-0.20120407919983152,0.6768235578037286,-0.7081149525911389,G0,,-0.2464006443042511
AGCCAGCGTTTCGACA_SRX17782706,0.5644254119436282,0.8254061732913184,-0.011344476640939072,G1,0.5384032966986823,-0.1681772006814345
TTGCTGCGTGACTATC_SRX17782704,-0.7742476584720634,0.3748595739525957,-0.5099225309446281,G0,,-0.1717306857608994
ACTCTCGTCATCGCTC_SRX17782704,0.022059959654613825,0.7746432677667944,-0.6320135526623211,G0,,-0.2438912618249623
GATAGAACATCCCACT_SRX17782709,0.6115427302141265,0.34839909645532574,-0.7103755833366876,G0,,-0.4206485950281713
AGAAGCGTCTGAGGTT_SRX17782704,0.2983154837809331,0.7598285526518035,-0.5776404701011157,G0,,-0.2709978203421094
CCCATTGAGTTGTAAG_SRX17782704,0.6136786870507613,0.4043407115436033,-0.6781645718010701,G0,,-0.4012543193927168
TCGTGGGTCGCCGTGA_SRX17782704,0.24464212905908267,0.8848514134014487,-0.3964694788326289,G0,,-0.203399476672475
TTACAGGCAACTGAAA_SRX17782706,-0.3723526127241916,0.6642290431341218,-0.6481923534465371,G0,,-0.2119698009996526
AGAGAATTCGTTGTGA_SRX17782704,0.5945325232174958,0.7432868334642634,0.30668506763223347,G1,0.5760308779915426,
ACTGATGAGTGGTTCT_SRX17782709,0.6745734807494718,0.04977618572818872,0.7365277523456124,S,0.7216678772005571,
ATACTTCGTAGAAACT_SRX17782706,-0.6452073234884388,-0.7541526408407045,0.12231597300912808,G1,0.0443352726580206,
TTTCAGTTCTGCTAGA_SRX17782706,0.17548150287665482,0.6524148710075468,-0.7372661269523128,G0,,-0.3082537702135811
TTCACCGTCAGATTGC_SRX17782706,0.5838582360163697,0.33419318929949116,0.739881323299447,S,0.675499787848853,
AACCTTTAGCAGCCTC_SRX17782704,0.040343379472205176,0.7542231062459614,-0.6553775008576541,G0,,-0.2548110839850992
ATTACTCGTCACAATC_SRX17782709,-0.07011426640106888,0.6769345853289759,-0.7326960937436857,G0,,-0.269613309528898
GCTCAAAAGGCTATCT_SRX17782706,-0.3709440886829024,-0.8709199689002837,0.32233338974910375,G2M,0.9870547581721952,
AACACACCAGTTCTAG_SRX17782709,-0.6780798049999219,-0.5907940671453644,0.43723007115926926,G1,0.0354655128266293,
CATACCCTCGTCGATA_SRX17782709,0.15767434447260703,-0.7146233374809555,0.6815072733719932,G2M,0.8830579078661057,
TAAGCCACAGCCGTTG_SRX17782704,-0.3110470770204707,-0.8504811369739107,0.4241832188015642,G2M,0.9721032289900972,
TGGGCGTCAGGCGATA_SRX17782704,-0.145940802431608,0.6971398283448453,-0.7019241052299544,G0,,-0.2492490400188459
AGTCAACAGGGATGTC_SRX17782706,-0.24146707966307135,0.7620435305320827,-0.6008188189380392,G0,,-0.203623746210666
CCTGCATTCGACCATA_SRX17782709,0.6113207746173837,0.7792672976019118,0.13794704947236663,G1,0.5596918703942313,
AACACACCACACACGC_SRX17782709,0.14733843968130067,0.7216067981601118,-0.676442845973817,G0,,-0.2791905310626177
GACTCTCAGGCTCCCA_SRX17782704,0.4501687498397739,0.3272538473390571,0.8308146215787618,S,0.6847123669633887,
TTCCAATGTGGGCTTC_SRX17782704,0.19070633577933932,0.7356356578743952,-0.6499777893890546,G0,,-0.2767928245635703
CATTGTTTCGACATTG_SRX17782704,0.31249697076501304,0.7691011031067676,-0.5575204705135158,G0,,-0.2668620774597614
TTGTGTTAGCGACAGT_SRX17782709,-0.5126734390972226,0.4609383857168841,-0.724362870958828,G0,,-0.2418685090721052
ACTGTCCAGTCCTACA_SRX17782709,-0.9876451360270521,-0.02932116337993526,0.15393959319920636,G1,0.1609728390264815,
TCGCTCAAGCACTCAT_SRX17782706,-0.12624007999125947,0.8918691091598755,-0.43431877237882677,G0,0.4059280172142224,-0.1610593288873378
GAGTGAGGTATCGTTG_SRX17782709,0.2055862051358061,0.7041222410039385,-0.6796661747475445,G0,,-0.2906634816269388
TTCGGTCTCGAGCCTG_SRX17782706,0.5556466211834036,0.22639731606735067,0.8000006807462932,S,0.6996514638884547,
