,dim1,dim2,dim3,KNN_phase,cell_cycle_pseudotime,south,dormancy_depth
CTGATCCGTCAGACTT_SRX17782706,0.99797213,-0.06044302,-0.019959068,S,0.7049487181509677,False,
GCCCGAAAGTAGTGCG_SRX17782704,0.06236579,-0.52279234,0.85017556,G1,0.00887923232828781,False,
CCGATGGTCTGATGGT_SRX17782709,0.29872578,-0.7160414,0.63091034,G2M,0.9459569026079226,False,
CCTCTCCGTTATGTCG_SRX17782704,-0.7850882,0.54452384,-0.29517844,G0,,True,-0.34583611799046843
AGCGTATGTCTACACA_SRX17782704,-0.17939208,0.7195293,-0.67089206,G1-G0 transition,,True,-0.29218787545818703
AGTTAGCTCTTACCAT_SRX17782706,0.43942657,-0.70557415,0.5559401,G2M,0.924116850816608,False,
CAACGGCTCCACGAAT_SRX17782709,0.11977696,-0.19252877,-0.9739538,G1,,True,-0.640476737276661
TATCTGTCAAGCTCTA_SRX17782709,-0.44355983,0.620461,-0.646748,G0,,True,-0.35797339451389365
CAAGACTTCGCTAGCG_SRX17782704,0.8049729,0.5603709,-0.1949434,S,0.5218140032255711,False,
AGGAATATCTGGAGAG_SRX17782704,0.99244404,-0.12019633,0.02465241,S,0.726683860298687,False,
ATTACCTAGGTCGCCT_SRX17782706,-0.836991,0.536823,-0.10614569,G0,,True,-0.30870057721075317
CCTACGTTCATCGCCT_SRX17782709,-0.7604974,0.5225577,-0.38545716,G0,,True,-0.3718500459581252
ATAGGCTGTCCAGTTA_SRX17782709,-0.8333217,0.14217395,-0.5341925,G0,,True,-0.551529808145595
TCCTGCATCGCCAGAC_SRX17782704,-0.7581356,0.650992,-0.037943766,G0,,True,-0.24267083635195685
CGCAGGTCACTTGTGA_SRX17782709,-0.646519,0.7321536,-0.21439287,G0,,True,-0.24415516643848267
CGAGGCTTCTCAAAGC_SRX17782709,-0.053388897,0.46385926,-0.8842986,G1-G0 transition,,True,-0.40864924989358786
GGTGATTGTTCCTACC_SRX17782706,-0.2732109,0.4208999,-0.86498505,G0,,True,-0.45223151432843045
TACACCCCATACTGTG_SRX17782709,0.8254291,0.4292178,-0.36665893,S,0.5613478408513044,False,
AGCGATTTCTCGGCTT_SRX17782709,-0.6274894,0.70786166,-0.32432845,G0,,True,-0.2769931511142145
TTCCGTGGTTAATGAG_SRX17782709,0.51686394,0.73358047,-0.4412612,G1,0.4934574354520306,False,
AGGTAGGAGACTTCGT_SRX17782709,0.4799803,0.74623024,0.4612585,S,0.31865430998996264,False,
CCATCACAGCGAACTG_SRX17782706,0.8471272,0.45829484,-0.26896363,S,0.5522060377496094,False,
TGTGATGGTGCTAGCC_SRX17782704,0.97247463,-0.1259216,0.19605257,S,0.7683050836500935,False,
TGGCGTGAGTTCGGTT_SRX17782709,-0.34399393,0.4595795,-0.81881315,G0,,True,-0.43855991006583883
GCATTAGCACCGAATT_SRX17782704,0.32284215,0.39054662,0.8621174,G1,0.17253679427934104,False,
GGCAGTCGTTCAGCGC_SRX17782709,0.9843509,0.17208199,0.037960898,S,0.6416765360678361,False,
GTACAGTCAATTCTTC_SRX17782706,0.15328313,0.82259965,-0.54757124,G1,0.46523908370466066,False,
TACGGTAAGTCTAGCT_SRX17782704,0.22132994,0.87279403,-0.43502164,G1,0.4539942677454131,False,
TCGTCCAAGACAGCGT_SRX17782704,-0.3139768,-0.093465514,-0.944819,G0,,True,-0.6782515536952872
CCTGCATGTGCAAGAC_SRX17782709,0.98781645,0.15204535,-0.03318027,S,0.6428204731666299,False,
AAAGTCCGTGACTATC_SRX17782706,0.96834767,0.24792507,0.02891544,S,0.6119191935737536,False,
GAGTGAGAGCTTGTTG_SRX17782704,-0.7779504,0.5027698,-0.37684947,G0,,True,-0.3786969561105852
GAGACTTCAAGGCGTA_SRX17782706,-0.018564759,-0.11457026,0.99324167,G1,0.08233272799760964,False,
AAGTGAACAGAAGTGC_SRX17782709,0.7624387,-0.5152926,-0.39135748,S,0.7369235455252194,False,
CATAGACAGCTGTTCA_SRX17782706,-0.6603526,0.51821095,-0.54349965,G0,,True,-0.39793454910273873
CGAGTTACAGTCCCGA_SRX17782704,-0.3831356,0.66356665,-0.64256227,G0,,True,-0.3339554987762966
TATCTGTAGGTTCACT_SRX17782704,-0.29629916,-0.29144207,-0.90954286,G0,,True,-0.7624239944562001
TCGGATAGTAGTGGCA_SRX17782704,-0.7931578,0.39217663,-0.4659379,G0,,True,-0.4398215430871423
AAGCGTTTCTGCGTCT_SRX17782709,0.95752084,-0.03433126,0.28631318,S,0.7782211613035024,False,
GTGAGTTGTATTCCGA_SRX17782706,0.26189846,-0.7317781,0.62921387,G2M,0.9477159488215798,False,
CAGTTAGAGCAAGTGC_SRX17782706,-0.70915216,0.36336675,-0.6042084,G0,,True,-0.4724186010667659
GCCATTCCATTGAAAG_SRX17782709,-0.31127915,0.77889866,-0.5444468,G1-G0 transition,,True,-0.26137372611579057
ATTGGGTAGGAGGTTC_SRX17782709,0.52446926,-0.45845452,0.7174619,G2M,0.9593215942311882,False,
CTCCTCCTCGACCCAG_SRX17782709,-0.35151783,0.35112923,-0.8678383,G0,,True,-0.4891630913606635
TACCCACTCGAATGCT_SRX17782704,0.6629448,0.6910988,0.28790036,S,0.38565922893204124,False,
GTGGCGTAGCTACTGT_SRX17782704,-0.5537975,0.28035387,-0.78403455,G0,,True,-0.5245109543449269
GGGACTCGTATCGTTG_SRX17782706,-0.63133335,0.5333911,-0.5629493,G0,,True,-0.39350633559028503
TGGAGGATCTATGCCC_SRX17782704,-0.3175471,0.05379572,-0.94671524,G0,,True,-0.6159355782785574
TTCCGTGGTCGATTCA_SRX17782709,0.8473101,-0.3062177,0.43393105,G2M,0.8705801596781524,False,
TCCCACAAGGACAGTC_SRX17782709,0.61450624,0.09828543,-0.7827655,S,0.6128669234867,False,
TTCCGTGAGACTCATC_SRX17782704,0.53678685,-0.65742594,0.5288205,G2M,0.9136805971809321,False,
CCCTCTCGTATGGTAA_SRX17782709,0.54326963,0.6631214,0.5149058,S,0.3029571431214263,False,
AGACACTAGACGGTTG_SRX17782704,-0.68653744,0.5841121,-0.432989,G0,,True,-0.3528406447491841
ACATTTCTCTTTCTAG_SRX17782706,0.77648354,0.5493982,-0.3086016,S,0.5313243497899977,False,
GTCCACTCAACGTAAA_SRX17782704,-0.15541987,0.5958479,-0.7879148,G1-G0 transition,,True,-0.35741952979076075
TGTAGACCATAGACTC_SRX17782704,0.14822602,0.73841065,-0.65785915,G1,0.48397869651984177,False,
GTTACAGTCCGGTTCT_SRX17782704,0.09467676,0.3740591,-0.9225595,G1,,True,-0.4247022427106729
GTCACGGCAGCGAACA_SRX17782704,-0.5337011,0.7268785,-0.43221614,G0,,True,-0.2837914920500809
CATACTTTCCATTCGC_SRX17782704,-0.7863247,0.53182185,-0.31441838,G0,,True,-0.3549205668784571
AGGCTGCTCTACGGTA_SRX17782704,0.15613765,-0.6977694,0.69909865,G2M,0.9676499797421125,False,
TAGACCACATCACGGC_SRX17782709,-0.06114698,-0.017660858,-0.9979724,G0,,True,-0.6116532323018284
GTCTTTAAGCTTTCCC_SRX17782709,-0.80239224,0.5910869,-0.082358606,G0,,True,-0.28008203775975327
TAGTGCAGTGTTCATG_SRX17782704,-0.8519749,0.4821883,-0.2040421,G0,,True,-0.3530076991969928
TGGCGTGAGGCTTAAA_SRX17782706,-0.30728185,0.51182,-0.8022581,G0,,True,-0.4114498080171517
CTTGATTCAACAGTGG_SRX17782704,0.9468154,0.153031,-0.2830583,S,0.6274120798790346,False,
CTATCTATCTCGAGTA_SRX17782709,-0.29842064,0.8252826,-0.4794307,G1-G0 transition,,True,-0.2277028100172368
TGTCAGAAGAACCCGA_SRX17782709,-0.8159766,0.5471983,-0.18642993,G0,,True,-0.32236377532612903
CGTGATACATCGGTTA_SRX17782706,0.17902327,-0.72565675,0.66435915,G2M,0.9593845062531882,False,
TCGGGCACAGGGTTGA_SRX17782704,0.10769316,0.7733799,-0.6247284,G1,0.4741283496167,False,
TGAGGAGGTTTACGTG_SRX17782704,-0.33209968,0.54968536,-0.7665218,G0,,True,-0.39390427427814345
TCTTTGAGTCCGACGT_SRX17782706,0.9554902,0.29076415,0.04994652,S,0.5945377792116479,False,
GAAGAATCACTCCGGA_SRX17782709,-0.94386446,0.31941545,-0.084223434,G0,,True,-0.3889927693686922
TAGCACAGTTTGCAGT_SRX17782709,0.606727,-0.74401736,0.27985784,G2M,0.8657177153574458,False,
TGATGGTGTGATGAAT_SRX17782709,-0.7895553,0.5882141,-0.17494771,G0,,True,-0.3023724124896303
GGTGATTAGAGAATCT_SRX17782706,0.98728937,-0.06765848,0.14381221,S,0.7399484024959332,False,
TCCGAAATCGAAGAAT_SRX17782706,0.9636826,0.019542709,-0.2663342,S,0.6584978689160211,False,
CAGCCAGGTTGACTAC_SRX17782709,0.9460999,0.30386078,-0.11208712,S,0.5916591314325597,False,
ACGTCCTAGCCACAAG_SRX17782704,-0.34215903,0.6721415,-0.6566223,G0,,True,-0.32851639236284313
TTGACCCCACGGTGAA_SRX17782706,0.21686812,0.31574515,-0.92372787,G1,,True,-0.4249949736614399
AGTAACCTCGTCCTCA_SRX17782704,0.60531837,0.68828446,-0.39981782,S,0.5027470255044336,False,
TTACCGCCAGTAGTTC_SRX17782706,-0.7055715,0.3158469,-0.6343577,G0,,True,-0.4961674775632102
GGTAACTAGTCCTACA_SRX17782709,-0.8250339,0.2143614,-0.5228463,G0,,True,-0.5208577073108929
AATGGAAGTCGCTGCA_SRX17782709,0.6087634,0.6690634,-0.42633477,S,0.5080998161620462,False,
GAGGGATGTCCGGTCA_SRX17782704,-0.4865039,0.64379275,-0.5906309,G0,,True,-0.3429521141498577
AAGACTCGTAGCGAGT_SRX17782706,0.98052925,0.012287922,0.19598831,S,0.7310892791814557,False,
GTCAAACTCACGGACC_SRX17782704,-0.72905743,0.44494477,-0.52009565,G0,,True,-0.4264380077675216
ATAGGCTGTCCACTCT_SRX17782709,0.45192426,0.79763246,-0.39943326,S,0.4763360395214943,False,
CGGCAGTCAATTTCTC_SRX17782706,0.8344481,0.542524,-0.096767895,S,0.5178301819626756,False,
TCATTCATCTGGACCG_SRX17782709,0.19385363,-0.1108978,0.9747423,G1,0.06930867474677643,False,
GAGACTTGTTCGGTTA_SRX17782706,0.035461523,0.6910435,-0.72194284,G1,,True,-0.28134597370553094
TCGCTCATCAGGGTAG_SRX17782706,0.24521272,-0.46233347,0.8521258,G1,0.0018169890459384613,False,
CTATAGGAGATGGTCG_SRX17782706,0.2311468,-0.1435757,0.9622666,G1,0.060361438191584876,False,
TCCCACAAGCGCACAA_SRX17782706,-0.7291716,0.6074341,-0.31517088,G0,,True,-0.3222856844338935
CCGAACGAGACGAGCT_SRX17782706,0.46657345,-0.6984829,0.54261506,G2M,0.9201340438070975,False,
TCATCCGCATACGCAT_SRX17782709,0.958525,-0.22823618,0.17069852,S,0.7810954742427354,False,
CATGCTCGTGGACTGA_SRX17782709,-0.794114,0.5588868,-0.23880653,G0,,True,-0.32846550672764474
GTCCACTTCGGTTGTA_SRX17782704,-0.6313096,0.55286765,-0.5438616,G0,,True,-0.3823854605513032
GGGTAGAAGGTCTACT_SRX17782704,-0.4857699,0.47661805,-0.7327092,G0,,True,-0.4328991132736385
TTATTGCTCCCTTGTG_SRX17782704,-0.9161893,0.39473978,-0.06911988,G0,,True,-0.3567782554331085
TTGGGTAGTTCGGGTC_SRX17782704,-0.2765297,0.6592897,-0.6991912,G1-G0 transition,,True,-0.33331668808312553
ATCGGCGAGTAGACAT_SRX17782704,-0.17642805,0.37339,-0.91074306,G1-G0 transition,,True,-0.4647201633436788
CTGCCTAGTGTTTACG_SRX17782706,0.25844592,0.6906894,-0.6753917,G1,0.4991415079410983,False,
ATTTCTGCACTGAGTT_SRX17782704,-0.5835398,0.4869176,-0.64991736,G0,,True,-0.4234390289284202
CTCTGGTAGTATTCCG_SRX17782704,0.6749414,-0.5601423,0.4803069,G2M,0.8959761079633723,False,
ACACCAAAGCCGCTTG_SRX17782706,0.73246115,0.6294628,-0.25937855,S,0.5090486326730073,False,
CTCAACCTCTCGTCGT_SRX17782704,-0.21898323,0.89825976,-0.38101935,G1-G0 transition,,True,-0.1647903554807093
CAGATACCACTCTCGT_SRX17782704,-0.8778705,0.45443612,-0.15109998,G0,,True,-0.35249749450144996
GGACGTCTCTGGAAGG_SRX17782704,-0.796875,0.5863705,-0.14546394,G0,,True,-0.2966583320368862
ATATCCTAGACATGCG_SRX17782709,0.9143858,0.34784967,-0.20712091,S,0.5797083870128713,False,
ATCCATTCAATCAAGA_SRX17782706,-0.45892495,0.8600718,-0.22285518,G1-G0 transition,,True,-0.17437301093155266
CACTGTCCATCGGAGA_SRX17782706,0.9872818,0.154672,0.036758795,S,0.6480265962222995,False,
CCAAGCGAGACTCATC_SRX17782709,0.08671854,-0.054720607,0.9947288,G1,0.0864519225875915,False,
ATGACCAGTCTTTCTA_SRX17782709,0.33946022,0.6543065,-0.67575854,G1,0.5094839519891563,False,
GCTTTCGCACTCACTC_SRX17782709,-0.28254274,0.65229505,-0.70333546,G1-G0 transition,,True,-0.3375035252591687
CGTGTCTTCGGTATGT_SRX17782704,-0.22392148,0.8762618,-0.42664334,G1-G0 transition,,True,-0.1852399837305584
GCAGTTAAGTTACGGG_SRX17782704,-0.7295682,-0.3531517,-0.5856742,G0,,True,-0.770540149988791
AGCGTATGTGTGCCTG_SRX17782709,0.41007134,0.6566808,-0.6329389,G1,0.5111392737382138,False,
CAACGATTCCCTTGTG_SRX17782706,0.1971326,0.87496823,-0.44223192,G1,0.4526748727729154,False,
ATGGATCAGTCACACT_SRX17782709,-0.6830124,0.44067347,-0.5824954,G0,,True,-0.43677089570952443
TTGTTCAAGTCGGCCT_SRX17782704,-0.8949659,0.44512686,0.029971093,G0,,True,-0.31256933785111907
TTGGATGCATAGACTC_SRX17782709,0.99539566,-0.07035447,0.065097645,S,0.7226744585515134,False,
TTTCACAGTAGTTACC_SRX17782706,0.667333,0.66202724,-0.3411546,S,0.5062186053574462,False,
CGGAGAATCCCTTGTG_SRX17782709,0.16860053,0.72454584,-0.66828674,G1,0.4879606612202707,False,
CTCAGGGTCCATCCGT_SRX17782709,-0.9345118,0.3459311,-0.08378068,G0,,True,-0.37891472245357993
CGAGTTACATTGTAGC_SRX17782706,-0.5507007,0.77107584,-0.3196415,G0,,True,-0.24358897197616414
GTCATCCGTTCGGTTA_SRX17782706,-0.7323494,0.39362323,-0.5556305,G0,,True,-0.4531469142104567
GACTCTCTCTCGAACA_SRX17782709,-0.5528138,0.5801042,-0.5982273,G0,,True,-0.37535820456120816
GCACGGTCAGGACGAT_SRX17782709,-0.4068405,0.65355587,-0.63823634,G0,,True,-0.3396699097213771
ACGGGTCGTTGGAGGT_SRX17782706,-0.51913923,0.71651757,-0.4659366,G0,,True,-0.2933828781490949
ACTTCCGAGTTCCAGT_SRX17782706,-0.8904759,0.357763,-0.28117302,G0,,True,-0.4185934589437281
GCGAGAATCACCGCTT_SRX17782704,0.9909141,-0.061060686,-0.11983653,S,0.6910662944402114,False,
TTGAGTGGTGATAGTA_SRX17782704,-0.7639982,0.63600755,-0.10863264,G0,,True,-0.26641725865442956
TCAATCTCATCGGATT_SRX17782709,-0.36441633,0.50828904,-0.7802839,G0,,True,-0.41584200724600084
CGTGCTTGTCATGCAT_SRX17782704,0.40069714,0.6599213,-0.63556725,G1,0.5102427272276845,False,
CCCATTGAGTTGGACG_SRX17782704,0.43440574,0.6899931,-0.57896566,G1,0.5045672154645257,False,
GGCTTGGGTTAGGCTT_SRX17782704,0.99541986,0.094241954,-0.016051408,S,0.6627715637756518,False,
ATGAGTCCAAGAGTTA_SRX17782709,0.43688533,0.31451946,0.8427389,G1,0.15283483112814644,False,
AGTGCCGAGAGCAGAA_SRX17782704,0.96488845,0.25314504,-0.070056185,S,0.6080560676686693,False,
GTAGGAGCACCGGTCA_SRX17782706,0.86100894,0.37281027,-0.34594208,S,0.5743276617207368,False,
GAACTGTGTTCCGGTG_SRX17782706,0.90328693,-0.38325378,0.1928452,G2M,0.8093503412775739,False,
TCTTAGTTCCTTCAGC_SRX17782709,-0.341369,0.3290022,-0.88046855,G0,,True,-0.4985406372253939
CTTCCGACAGAGGTAC_SRX17782704,-0.28145942,0.20748019,-0.9368738,G0,,True,-0.5473089518227867
TGGTTAGAGATTGGGC_SRX17782704,-0.6533447,0.756543,0.02798736,G0,,True,-0.17393657280060348
CGGTCAGGTCGTATTG_SRX17782709,-0.19186467,0.9756951,-0.105863914,G1-G0 transition,0.3717612220305046,False,
ACAGCCGAGCGAATGC_SRX17782706,-0.34772563,0.32238874,-0.8804273,G0,,True,-0.5018721190737143
TTCCACGTCTGAGGCC_SRX17782704,-0.7414048,0.42500544,-0.51931614,G0,,True,-0.4347186152667105
ACTGCAATCGTGCAGC_SRX17782704,0.1392402,0.0025707888,0.9902553,G1,0.09363122340864324,False,
TCTTAGTCAGGTAGTG_SRX17782706,0.24172333,0.9562105,-0.16501887,G1,0.41538432524366004,False,
GAGAAATCACTTGGGC_SRX17782706,0.2391171,-0.58610135,0.77414995,G2M,0.9798805474185553,False,
AATGACCTCAAACGTC_SRX17782706,0.8784381,-0.38609535,0.28156117,G2M,0.8316590818985956,False,
AATGAAGCACTAGAGG_SRX17782709,0.45545152,0.71615857,-0.52884847,G1,0.49873007318665136,False,
CTCACTGTCGACGATT_SRX17782704,-0.6079375,0.23365971,-0.7588248,G0,,True,-0.5434485155459339
GCTGCAGCAAGTTCGT_SRX17782709,0.6765716,-0.55189836,0.48750255,G2M,0.8973909469947767,False,
GTAGCTATCAGCACCG_SRX17782704,-0.6172101,0.6927981,-0.3729376,G0,,True,-0.29250973680824666
AGGACTTAGGATGGCT_SRX17782706,0.98800117,0.13084592,-0.082055695,S,0.6454799795055551,False,
ATCACTTTCTCGTGAA_SRX17782706,0.8403039,0.5420474,0.008600242,S,0.503984656915463,False,
CTGGACGCAACAGTGG_SRX17782709,-0.72508484,0.5921319,-0.3516133,G0,,True,-0.33569559042745045
CTACTATTCTCGTGGG_SRX17782709,-0.19276199,0.7904995,-0.58133745,G1-G0 transition,,True,-0.24873478577229757
TATTTCGAGACGCTCC_SRX17782709,0.68799484,-0.71395034,0.13014697,G2M,0.834606866184588,False,
GGAATCTTCGCACTCT_SRX17782704,0.46431428,-0.6397316,0.6124994,G2M,0.9341089822625841,False,
CCCTGATGTCTCAGGC_SRX17782706,0.16960901,-0.5772663,0.79874676,G2M,0.9892281920900355,False,
TTGGGTACAGCACGAA_SRX17782706,0.20105593,0.76694036,-0.60940874,G1,0.48058247063937304,False,
ATGGGTTCACAATCTG_SRX17782706,-0.16177252,0.73364407,-0.6599969,G1-G0 transition,,True,-0.2822306646972016
CTCTCGAAGCTCCATA_SRX17782706,0.067831494,0.43043044,-0.90007144,G1,,True,-0.40474972997665415
GATTGGTCATGGAACG_SRX17782706,-0.51075536,0.6984243,-0.5013306,G0,,True,-0.30678835813153293
CAATCGAGTGTTGACT_SRX17782704,-0.16501111,-0.5712724,-0.804002,G0,,True,-0.860867631152136
TTCCAATGTAGTCTTG_SRX17782706,-0.81849134,0.48831755,-0.30268475,G0,,True,-0.37079621648244954
GTGTAACGTGGCGTAA_SRX17782704,-0.63656193,0.25714308,-0.72709453,G0,,True,-0.5308845068681156
CCACGTTTCCTCTAAT_SRX17782706,0.69427246,0.4562888,-0.5565844,S,0.5556525677520493,False,
TCAGCAAAGCCTCTTC_SRX17782709,-0.6044733,0.67564654,-0.42203516,G0,,True,-0.3083982711188997
CCCTCAAGTCACTTAG_SRX17782709,-0.8226626,0.36894974,-0.43255338,G0,,True,-0.4434604985940437
GTGCAGCGTGTGTGTT_SRX17782709,0.91933715,-0.25224292,0.3019812,G2M,0.8224440425359402,False,
ATTACTCCATGACTCA_SRX17782709,-0.022070568,0.53668785,-0.8434921,G1,,True,-0.36999025163807264
ACAGAAAAGAGCGACT_SRX17782704,0.15733595,0.524309,-0.83686644,G1,,True,-0.34489634806510394
CAACGATGTCGAGTTT_SRX17782709,-0.68987715,0.5110209,-0.51276416,G0,,True,-0.3969875689232535
GCAGTTACAATTCTTC_SRX17782706,0.33428267,0.86079085,-0.38378927,G1,0.45843706523030553,False,
TGAATGCAGGAGGCAG_SRX17782704,0.17897967,-0.049573638,0.9826031,G1,0.08158486500872648,False,
TCGCTTGGTGTCTTCC_SRX17782706,-0.6140808,0.6945782,-0.37478796,G0,,True,-0.29192902092492123
AATGGCTAGCTAAATG_SRX17782704,0.9169565,-0.2967017,0.26675647,G2M,0.8174239232504378,False,
CTTCTAACACTACAGT_SRX17782709,-0.88259304,0.4561894,-0.11366854,G0,,True,-0.34324371752750404
TGCAGTAAGTGGTGGT_SRX17782704,0.7064301,0.6469202,-0.28714254,S,0.5066739025044544,False,
TGTTCTATCCGATTAG_SRX17782709,0.36135542,-0.7383408,0.5694515,G2M,0.9309498894398683,False,
AGTGACTAGCTTTCTT_SRX17782704,-0.33058828,0.6983008,-0.63489157,G0,,True,-0.31295653967949644
CTACCCACATGCCGAC_SRX17782704,-0.8230841,0.510107,-0.24964646,G0,,True,-0.3511615951836007
ACATTTCTCTCTCGAC_SRX17782709,-0.46069735,0.64028233,-0.6146515,G0,,True,-0.3461795912259906
GCCAGTGTCATTTCGT_SRX17782709,-0.33591905,0.7368952,-0.5866377,G1-G0 transition,,True,-0.28930409943378754
AGACAAACATGTTCAG_SRX17782706,-0.0034908126,0.7063297,-0.7078743,G1,,True,-0.27885425261704255
GTGATGTTCGACATAC_SRX17782704,-0.95581186,-0.0064192363,-0.293909,G0,,True,-0.5580835638260204
TACTTCATCTACGGGC_SRX17782709,-0.6359888,0.40743467,-0.6553741,G0,,True,-0.4594121673476804
GCCATTCCAGTCGGAA_SRX17782706,0.73571306,-0.60223114,0.30990967,G2M,0.8585257045203748,False,
CGGGACTTCGAACGCC_SRX17782709,-0.5090352,0.73781544,-0.44329616,G0,,True,-0.27931054389546806
AGGTCATTCCAGGACC_SRX17782704,-0.064406015,0.43222886,-0.899461,G1,,True,-0.42456631471144257
CGTCCATCACGTTGGC_SRX17782704,-0.73870075,0.2644387,-0.61999464,G0,,True,-0.5156496350493049
TATGTTCCAAGTGCTT_SRX17782704,-0.14190291,0.58711743,-0.79696715,G1-G0 transition,,True,-0.3604277393060409
CTTCTCTGTACGGCAA_SRX17782706,0.9865368,0.16344498,0.00553355,S,0.6421047333513793,False,
AGGTTGTCAGAAGTGC_SRX17782704,-0.6032081,0.7193039,-0.3445892,G0,,True,-0.2747238192997825
TGGGAGAAGGGTGGGA_SRX17782709,-0.35162807,0.8396642,-0.41391033,G1-G0 transition,,True,-0.2143721241051313
TCCGGGAGTTGTATGC_SRX17782704,-0.5017574,0.2843723,-0.81692827,G0,,True,-0.5234636952139393
CTTTCAAAGCTAAACA_SRX17782706,0.344227,0.63849163,-0.6883576,G1,0.5127129362684981,False,
TGTTCTAAGGCTATCT_SRX17782706,-0.9110505,0.35218716,-0.21436244,G0,,True,-0.4064796277226139
GCAGTTATCGCATTAG_SRX17782709,-0.936333,0.2565136,-0.23975225,G0,,True,-0.44836517469098225
TCGGGACCAGCTATTG_SRX17782706,-0.036902692,-0.5972804,0.8011832,G1,0.003543760358080939,False,
ATGCATGCATCTCAAG_SRX17782709,0.97528356,0.22095606,0.00056165905,S,0.6212262514819422,False,
AGATAGATCAACGCTA_SRX17782706,0.029513517,-0.6695391,0.74219024,G2M,0.9851320684165534,False,
TCGGTCTCAAGCCCAC_SRX17782704,-0.7653596,0.6009212,-0.23047456,G0,,True,-0.30859240296256507
CATAGACGTTGGTGTT_SRX17782704,0.42738947,-0.7103656,0.5592129,G2M,0.9253852577206734,False,
GGAGCAAAGGCGATAC_SRX17782704,-0.6688977,0.10906511,-0.73530984,G0,,True,-0.5943652174811016
GTTCGCTGTGTTCCAA_SRX17782709,-0.53955,0.7469605,-0.3885046,G0,,True,-0.2671886104080303
GAGGCAATCTGGTTGA_SRX17782709,-0.74136245,0.654671,-0.14760584,G0,,True,-0.26681507445597563
TGTAACGTCCTACACC_SRX17782704,0.74484843,0.3624455,0.56020886,S,0.22569433593515267,False,
AGCTACACAGGACTTT_SRX17782704,-0.8640553,0.5024187,0.03136788,G0,,True,-0.2892094341588144
TTCGCTGTCTTTCTAG_SRX17782709,-0.5957449,0.60496265,-0.5283069,G0,,True,-0.35632370010059056
GTAACCACAGCAGGAT_SRX17782704,-0.34754908,0.41254684,-0.8420301,G0,,True,-0.4608314220668376
AGGATAATCGAGCCAC_SRX17782704,-0.6374644,0.7206503,-0.27258393,G0,,True,-0.2613036451602099
TTCTAACGTATGCGTT_SRX17782704,-0.71193033,0.506507,-0.48642156,G0,,True,-0.3951424163282967
TGCGACGCAAGAAATC_SRX17782709,0.83426195,0.52885586,-0.155944,S,0.5272365922635116,False,
ACCGTTCCAGTCCCGA_SRX17782706,-0.7112756,0.6964408,-0.09516959,G0,,True,-0.23527606390269817
CGGAACCGTACATACC_SRX17782709,-0.7772262,0.62472796,-0.07506239,G0,,True,-0.26356653157690624
TGTTCATGTTTACCTT_SRX17782704,-0.6330986,0.5921747,-0.4985129,G0,,True,-0.3586082583170225
CTGTATTCAATCAGCT_SRX17782704,0.8686261,0.44937587,-0.20868635,S,0.5522274919790024,False,
CATCCGTTCCCATGGG_SRX17782706,-0.9013297,0.42146102,-0.09987597,G0,,True,-0.35371635049075756
AATGACCCATACCATG_SRX17782706,-0.0024756666,0.7062136,0.7079945,G1,0.24226117582041426,False,
CTATCCGTCGTGGGTC_SRX17782706,-0.7645391,0.6442614,-0.02017966,G0,,True,-0.24130379469973962
TTACGCCAGGTAAGTT_SRX17782709,-0.6231882,0.4179214,-0.6610433,G0,,True,-0.4553595387458561
ATCAGGTGTCGGTGAA_SRX17782704,0.9747365,-0.2172224,0.05198889,S,0.7520665512363439,False,
AGTACTGGTGTAGGAC_SRX17782704,-0.83830714,0.5369516,-0.09446809,G0,,True,-0.30592436443330673
CGTGCTTGTTTAGAGA_SRX17782706,0.9464172,-0.09163992,0.30967173,S,0.8008842826243466,False,
TCAGTCCGTGTTCCAA_SRX17782709,-0.7196941,0.62155986,-0.3093599,G0,,True,-0.31487966045735216
CCATAAGTCAACACGT_SRX17782704,-0.5047621,0.62732065,-0.5930295,G0,,True,-0.3515950918775147
TTTACTGCATGCGGTC_SRX17782709,-0.8020027,0.42712322,-0.41756153,G0,,True,-0.41724323497082183
CTGTATTTCTCGCTTG_SRX17782704,-0.88630754,0.354941,0.29744887,G0,,True,-0.2726889379162606
GGAATCTCAGTTGTCA_SRX17782709,-0.7593432,0.5683867,-0.31675613,G0,,True,-0.3397256998727659
GTCGTAAAGATGCTTC_SRX17782704,0.98737866,0.14486606,0.06400932,S,0.6545743380841414,False,
AAGGAATCACCGGTCA_SRX17782709,-0.37109795,0.74368614,-0.556073,G0,,True,-0.2847987423186952
ACTGATGTCGGAACTT_SRX17782706,0.997967,-0.046410147,0.04367958,S,0.712351889142012,False,
GCATGATCACTCCGAG_SRX17782704,0.4802992,-0.28847906,0.82830703,G1,0.0018583766143451138,False,
GTATTTCCAAGGGCAT_SRX17782706,0.5243666,-0.15009557,0.8381593,G1,0.02318093917785303,False,
GTTGAACTCGGAGTGA_SRX17782709,-0.54192215,0.72061825,-0.43246952,G0,,True,-0.287116368871678
TTTAGTCAGCGACTGA_SRX17782709,0.7675525,-0.6166711,-0.17487131,S,0.775986109194821,False,
CGTTGGGCAGCGACAA_SRX17782709,0.10872873,-0.5212314,0.8464608,G1,0.005133457049646103,False,
CATTGTTAGTTTCGAC_SRX17782706,-0.3506924,0.23199826,-0.9072991,G0,,True,-0.5419312091638634
AACCACAGTTAGGCCC_SRX17782704,-0.61885613,0.67865753,-0.39552632,G0,,True,-0.30296353212951255
GAAGCCCTCTCTAAGG_SRX17782704,-0.70367414,0.67037004,-0.23547098,G0,,True,-0.27822951641689686
TCACTATGTGCTGTCG_SRX17782704,0.42415676,0.82727796,-0.3683777,S,0.4674310875567845,False,
GAGATGGTCGCAGTTA_SRX17782709,0.17205602,0.6881542,-0.7048692,G1,0.4953951172454813,False,
CTCCTCCTCATCGCAA_SRX17782704,-0.72507185,0.6775067,-0.12351255,G0,,True,-0.25081333204856693
CGGCAGTGTGAGTAGC_SRX17782704,0.22412208,0.8580223,-0.46213332,G1,0.4585328711101886,False,
CCCTCTCTCAAAGACA_SRX17782709,0.039305482,0.03598233,0.99857914,G1,0.10486263430321131,False,
GGTGAAGCACGCGTGT_SRX17782709,0.4226774,-0.47357982,0.77270037,G2M,0.9754851055890482,False,
GGAGGATCACGTACAT_SRX17782704,0.0042136335,0.9993117,-0.036855698,G1,0.37638467290739497,False,
CGCAGGTCACCATATG_SRX17782704,0.45413342,0.43502825,0.7775045,G1,0.19202255586138375,False,
GTAATGCCATCCTGTC_SRX17782709,0.8318827,-0.5119719,0.21413997,G2M,0.828964615528022,False,
ATTCATCTCCTACACC_SRX17782709,-0.6011455,0.52113616,-0.60583913,G0,,True,-0.4037350928314467
CATTGAGAGCTGTCCG_SRX17782709,-0.60622555,0.47342977,-0.6390264,G0,,True,-0.4285931655310561
GACGTTACAAAGGCGT_SRX17782709,-0.38977057,0.59309316,0.7044994,G1-G0 transition,0.22020173513538233,False,
CCAATGAAGACAGTCG_SRX17782704,-0.29263902,0.95306677,0.07762843,G1-G0 transition,0.33822571971050597,False,
GTCTCACAGTAACCGG_SRX17782704,-0.09726363,0.87400484,-0.47608328,G1-G0 transition,,True,-0.1787456967512312
TCCTCCCGTCCACATA_SRX17782709,0.90096635,-0.12744974,-0.4147485,S,0.6747335497688801,False,
TGATTTCGTGATACAA_SRX17782704,0.33719847,-0.67680943,0.6543899,G2M,0.9486122386848087,False,
ATAGACCCACGACTAT_SRX17782709,0.7004067,-0.56578016,0.4351129,G2M,0.8849807801481586,False,
GTGTGGCCACAGACGA_SRX17782704,-0.71014124,0.65198374,-0.2657379,G0,,True,-0.2927402161443602
ACGTCCTCACCCTTGT_SRX17782706,-0.3687736,0.5589995,-0.7426477,G0,,True,-0.39048043592583415
TTTGATCAGACACACG_SRX17782706,-0.7934199,0.5883265,-0.15606612,G0,,True,-0.29817508883725463
CATGCTCAGCTGACTT_SRX17782704,-0.78056973,0.2790764,-0.5593096,G0,,True,-0.5008186025154973
GTTAGACCACCCATAA_SRX17782706,-0.54185516,0.29963136,-0.7852478,G0,,True,-0.5160114472013861
GGAATCTTCGCCTTGT_SRX17782704,-0.73121136,0.4693492,0.49501628,G1-G0 transition,,True,-0.15904144472293769
CTTTCGGGTGGACAGT_SRX17782706,-0.45186904,0.63785654,-0.62366116,G0,,True,-0.34787416023650286
CTGTCGTAGACGCATG_SRX17782709,-0.6219545,0.7460744,-0.23779312,G0,,True,-0.24181360105251326
GTCATGACATTCGGGC_SRX17782709,-0.4687009,0.52202827,0.71260506,G1-G0 transition,0.20940661419592171,False,
TCAAGTGAGGTAGCAC_SRX17782704,-0.3235872,0.3359876,-0.8845359,G0,,True,-0.4943050331921769
ATGACCACAGACCGCT_SRX17782706,0.73391676,-0.48056623,0.48002332,G2M,0.8921188264381501,False,
TGGGTTAGTGCAAGAC_SRX17782704,-0.57171386,0.40840486,-0.7115819,G0,,True,-0.46364359740633665
CAACGGCCACAAATCC_SRX17782709,0.85519236,-0.49428916,0.15596247,G2M,0.8147565665385514,False,
TAAGTCGCACGATTCA_SRX17782704,0.53356636,0.6763212,-0.5078351,G1,0.5080749549202414,False,
ATCTCTAGTGGACCTC_SRX17782709,0.1954088,0.7725973,-0.60407686,G1,0.4790567989679623,False,
AGACTCAAGATCCCGC_SRX17782704,0.01832034,-0.27626845,0.96090585,G1,0.05348290677740908,False,
AGAGAATAGCTAAATG_SRX17782704,0.8516911,-0.3570749,0.38356158,G2M,0.8577141266466295,False,
CTACATTGTATGTCCA_SRX17782704,0.50537145,0.30696812,0.80645525,G1,0.15115994790572782,False,
CATGCAAAGGAGTACC_SRX17782706,0.23472285,0.8271913,-0.5105484,G1,0.4674101526509171,False,
AGAGCCCCAACACGAG_SRX17782706,0.35631692,-0.67897385,0.6418976,G2M,0.945132931849595,False,
GGTAGAGCACGGTAGA_SRX17782706,0.14263543,-0.7358157,0.6619897,G2M,0.9612645788511347,False,
CTTAGGAGTCGCATTA_SRX17782709,0.12730853,-0.36522374,0.92217356,G1,0.03033753426970222,False,
ATACCGACACTACGGC_SRX17782709,-0.39850864,0.4826177,-0.77991736,G0,,True,-0.42946138822774294
ACGCACGGTTGTTTGG_SRX17782706,0.1949567,-0.75822026,0.6221687,G2M,0.9504839263330135,False,
CCAATGATCGCAGATT_SRX17782706,-0.7175938,0.5169983,-0.46666035,G0,,True,-0.38761052455867817
TTGTTTGGTATCGTAC_SRX17782704,0.6976987,-0.5920469,0.40335697,G2M,0.8790563990202974,False,
AGAACAAAGTGCCAGA_SRX17782706,-0.6905907,0.20299318,-0.69417447,G0,,True,-0.5504592313735746
AAGACAATCACTGTTT_SRX17782709,-0.8715977,0.46126568,0.16598602,G0,,True,-0.26955038217181115
ATGCGATCACAAGTGG_SRX17782706,-0.697009,0.5122749,-0.5017499,G0,,True,-0.3948793219998784
TACCGGGCACACGGAA_SRX17782709,0.09557498,0.36341828,-0.92671067,G1,,True,-0.42911990315206194
ACTCCCAAGACTCAAA_SRX17782706,-0.96076643,0.27635932,0.023526115,G0,,True,-0.3781309029479514
TTAATCCCACGTCGTG_SRX17782709,-0.6091291,0.5179572,-0.6005682,G0,,True,-0.40465467574892844
TCTCACGGTATAGCTC_SRX17782704,0.9882813,-0.13954002,-0.06187629,S,0.7162707434662572,False,
TTCACGCTCTAAGCGT_SRX17782709,0.7690921,-0.62897563,-0.11352087,S,0.785902655509761,False,
GTCATTTAGAACTGAT_SRX17782706,0.50923204,-0.61640894,0.6006019,G2M,0.9296812980669343,False,
CGCCATTCATGTTCAG_SRX17782704,-0.9240319,0.3069753,-0.22788371,G0,,True,-0.42670801862100216
TTTACGTCAGTAGTGG_SRX17782709,-0.31790954,0.30625808,-0.89729565,G0,,True,-0.5071558409216957
GTTGCGGAGAGTTGCG_SRX17782706,-0.75774705,0.57586837,-0.3069121,G0,,True,-0.33462352596950573
TCCTGCATCCCTCTCC_SRX17782709,-0.35879296,0.52251065,-0.77346635,G0,,True,-0.4085966318182691
GATGAGGTCACCCTCA_SRX17782706,0.9664634,-0.053898618,0.2510844,S,0.7693775884097507,False,
AGGTCATTCCGACATA_SRX17782704,0.30218494,-0.03406724,0.9526403,G1,0.0754076041426571,False,
TCGCACTAGTATAGAC_SRX17782706,0.89960426,0.4344817,-0.0440207,S,0.5462423283394533,False,
TCTACATAGGTAGCAC_SRX17782706,0.6959507,-0.5888161,0.41103294,G2M,0.8806551200053734,False,
ATCGTAGTCGTACCTC_SRX17782706,0.99260163,0.10189472,-0.06602698,S,0.6553252591781018,False,
GCCTGTTCACTCTAGA_SRX17782706,0.6874634,-0.59159327,0.42120254,G2M,0.8832781668389934,False,
ACATCGATCTTTCCGG_SRX17782704,0.12621981,0.55298644,-0.82357424,G1,,True,-0.3371471092048086
TACTTACTCCTTATGT_SRX17782704,-0.6069238,0.67680645,-0.41662517,G0,,True,-0.30704151442634875
GTCAAACAGTGCACCC_SRX17782706,0.9372987,0.34700805,0.032504637,S,0.5721939192449966,False,
TGCAGGCTCCTCGATC_SRX17782709,0.8504697,0.51836836,-0.08941623,S,0.5241614479855926,False,
AGCCAGCCACCTTCGT_SRX17782706,0.9543508,-0.18991922,0.23053235,S,0.7910381431865307,False,
TGAGGAGCACCCAATA_SRX17782704,-0.86723036,0.00013160564,0.49790707,G0,,True,-0.3326746608087586
CCACACTGTTTGTTGG_SRX17782709,-0.42312992,0.74709666,-0.51264775,G0,,True,-0.28070368200825435
TGTAACGCAGCAAGAC_SRX17782704,0.9798446,-0.19180869,0.055803433,S,0.7479172268583206,False,
TTCGATTCAAGCTGCC_SRX17782706,0.3320088,0.71510446,-0.6151388,G1,0.4968241094969245,False,
GTCTCACGTTCCGCTT_SRX17782704,0.9860502,0.1467487,0.07854766,S,0.6555560680408812,False,
ACGTACACAACCAGAG_SRX17782704,-0.85646415,0.32006612,-0.40500218,G0,,True,-0.45786230021944097
TCAGCCTTCATCGACA_SRX17782704,0.30131516,-0.6872629,0.6609681,G2M,0.9517506512474054,False,
GTTACGACAGTCAGTT_SRX17782706,0.18111958,-0.7300266,0.6589818,G2M,0.9582230536792722,False,
GTCAAGTCAGAGGAAA_SRX17782706,-0.56606364,0.72279686,-0.3964047,G0,,True,-0.2810096660376722
GAATCGTAGCACTCTA_SRX17782706,0.049842928,0.7066602,-0.70579535,G1,,True,-0.27004758362710146
AGGAATAGTATGGAGC_SRX17782704,0.4151467,-0.77995336,0.46832255,G2M,0.9100682713265855,False,
GGAGATGAGCACTGGA_SRX17782709,0.0035129196,-0.16202639,-0.9867802,G0,,True,-0.65568503922693
CTAACTTAGCATACTC_SRX17782706,0.62624097,0.012092061,0.7795358,G1,0.0435376174774083,False,
TCCTCCCGTGGACTAG_SRX17782706,0.28031623,-0.6556841,0.70107144,G2M,0.9611674982224304,False,
GTGTGATCATCGCCTT_SRX17782706,-0.03227046,0.72267634,-0.6904328,G1,,True,-0.2736086207181285
GACGTTAGTCAGGTAG_SRX17782709,-0.6749327,0.5172666,-0.5262138,G0,,True,-0.39608820751205653
CAGTTAGAGCCTCTGG_SRX17782706,0.44384095,-0.55040145,0.70715153,G2M,0.9567110359185665,False,
TCGCACTCATCGGAGA_SRX17782706,0.68394685,-0.49180165,0.53883934,G2M,0.9086757127050394,False,
ATGGAGGGTACGGTTT_SRX17782706,-0.65084124,0.5276434,-0.5458922,G0,,True,-0.39402991638018603
TGGTGATCACAGAAGC_SRX17782704,-0.70179325,0.579213,-0.414727,G0,,True,-0.35213615733714565
GTTGCTCCAAGTGTCT_SRX17782709,-0.6278361,-0.29117566,-0.72182995,G0,,True,-0.7685361296648174
CTCATCGTCGAATCCA_SRX17782704,0.7475505,0.5820057,-0.32005885,S,0.5240452253675336,False,
TGGGATTCACAAAGTA_SRX17782709,0.7340361,0.6335118,-0.24465044,S,0.5069921228947382,False,
TACCGAACAGCCGGTT_SRX17782709,-0.42156044,0.6402684,-0.64213955,G0,,True,-0.3471325841132672
GTTGTCCGTAGGCAGT_SRX17782704,0.009592616,0.98221016,-0.1875398,G1-G0 transition,0.3984953700447833,False,
TTCTGTACACATACGT_SRX17782709,-0.8781944,0.39336357,-0.27210215,G0,,True,-0.4027943161385895
GTACAACCAGAACTTC_SRX17782709,0.10423657,0.681585,-0.72427666,G1,,True,-0.27443760557904007
GTAATGCTCATGGGAG_SRX17782709,0.03265542,0.98101187,-0.19117895,G1,0.4008553734567691,False,
CCTCCAAGTGGGCTTC_SRX17782709,-0.29958504,0.49494746,-0.8156443,G0,,True,-0.4191835887776525
ACGTAGTGTTTGATCG_SRX17782709,-0.76071584,0.64254093,0.091937095,G0,,True,-0.2123541701960413
GGGTGTCGTCGAAACG_SRX17782709,-0.37396857,0.27675828,-0.88518494,G0,,True,-0.5235990674595755
TAACACGAGTTGTAGA_SRX17782704,0.07175156,0.4798314,-0.8744219,G1,,True,-0.38168175250253356
AAAGTCCCAGTTAAAG_SRX17782709,-0.94677746,0.2672391,-0.17943212,G0,,True,-0.4307818322677315
CCTCTCCCACGACGTC_SRX17782706,0.9995746,0.027914695,0.0084470585,S,0.685893802221094,False,
AGACACTCACACCAGC_SRX17782709,-0.4896983,0.4582356,-0.7417652,G0,,True,-0.44192942797320656
TCCATGCCATGAAAGT_SRX17782709,0.7702071,-0.20940116,0.60243845,G2M,0.933804039891514,False,
TCTTGCGCATCGGAGA_SRX17782704,0.87554055,0.43252808,-0.21528636,S,0.5570169528895282,False,
AATCGTGGTGCCTGCA_SRX17782709,-0.21730874,0.082663245,-0.97259635,G0,,True,-0.5934851080806122
TGAGTCAAGGATGTTA_SRX17782704,0.093860894,-0.38032147,0.92007905,G1,0.03056289607008656,False,
TACGGGCTCGTCCATC_SRX17782704,0.3793553,0.45393363,0.80624676,G1,0.19270510333837887,False,
GGAAGTGGTCACCCTT_SRX17782706,0.3891685,0.68268156,0.6184607,G1,0.2695298062951528,False,
GACACGCTCCAATCCC_SRX17782706,0.36394554,0.7404917,-0.5649917,G1,0.49196955319672075,False,
TGTTCATAGTCTCCTC_SRX17782704,-0.9693976,0.09293662,-0.22722477,G0,,True,-0.5059078763033318
CTCTCGATCCTCTCTT_SRX17782706,-0.45534697,0.46782562,-0.75749487,G0,,True,-0.4374407500648859
CCCTCAACAAGTTGGG_SRX17782704,-0.057872742,0.52677214,-0.84803396,G1-G0 transition,,True,-0.3798040829171758
TCTATACGTCTTGAAC_SRX17782704,-0.11114009,0.99350864,-0.024255637,G1-G0 transition,0.3660169128092292,False,
CTAGACAAGCTCCATA_SRX17782704,0.21215867,-0.52412224,0.82479364,G2M,0.9943590563227763,False,
TGTTCTACATTAGGCT_SRX17782706,0.6345065,0.668624,-0.38774154,S,0.5068274677173464,False,
TTCACGCAGAGCCGAT_SRX17782706,0.30484518,0.76700336,0.56460184,G1,0.2853908994040504,False,
TGTGAGTAGCATACTC_SRX17782709,-0.31223646,0.71957386,-0.6202596,G1-G0 transition,,True,-0.29969318191653593
CGGAATTAGAACCGCA_SRX17782706,-0.25390068,0.27702993,-0.92670864,G0,,True,-0.5148063934478153
TGTGCGGGTATCAAGA_SRX17782709,0.31717402,0.6253933,-0.71294034,G1,0.5141613922213197,False,
CATTGAGGTTGCGGCT_SRX17782704,-0.9081557,0.28939426,-0.30249673,G0,,True,-0.44939556399951963
TTCCGTGCAGGGAGAG_SRX17782709,-0.43797937,0.57780534,-0.6887053,G0,,True,-0.381382574645895
ATAGACCAGACGCAGT_SRX17782706,-0.41127762,0.7989184,-0.43883947,G0,,True,-0.24342889677766422
TCATACTCATCATCTT_SRX17782709,0.71305376,0.5866847,-0.38386902,S,0.5255261018214611,False,
TAGGGTTAGGGTTAGC_SRX17782706,-0.4580858,0.81802,0.34785128,G1-G0 transition,,True,-0.023440837215251142
AATCGACGTCCACATA_SRX17782706,0.38733935,-0.70372885,0.5955956,G2M,0.9344231984511463,False,
GACCCTTGTGTCATGT_SRX17782706,-0.80837363,0.50196844,-0.3075057,G0,,True,-0.3660928210487737
AGCCAGCGTTTCGACA_SRX17782706,0.14127398,0.70354533,-0.6964666,G1,,True,-0.2546159441202862
TTGCTGCGTGACTATC_SRX17782704,-0.8704418,0.3471572,0.3490173,G0,,True,-0.2596800451176908
ACTCTCGTCATCGCTC_SRX17782704,-0.6490837,0.58136463,-0.49061745,G0,,True,-0.36251667930846576
GATAGAACATCCCACT_SRX17782709,-0.36767778,0.066399254,-0.9275797,G0,,True,-0.6144150178003589
AGAAGCGTCTGAGGTT_SRX17782704,-0.46612525,0.53968185,-0.7010498,G0,,True,-0.40114646020051337
CCCATTGAGTTGTAAG_SRX17782704,-0.3471783,0.12762927,-0.9290738,G0,,True,-0.5867760750742412
TCGTGGGTCGCCGTGA_SRX17782704,-0.35451967,0.7123024,-0.6057565,G0,,True,-0.30481150115466293
TTACAGGCAACTGAAA_SRX17782706,-0.83779806,0.5301882,-0.13036449,G0,,True,-0.31702514128619164
AGAGAATTCGTTGTGA_SRX17782704,0.44220155,0.69941795,-0.56149113,G1,0.5025536129877782,False,
ACTGATGAGTGGTTCT_SRX17782709,0.95445234,0.13037682,-0.26837063,S,0.6334552563655264,False,
ATACTTCGTAGAAACT_SRX17782706,-0.09534032,-0.59579974,0.79745394,G1,0.007812059742971701,False,
TTTCAGTTCTGCTAGA_SRX17782706,-0.64731705,0.41546205,-0.63904005,G0,,True,-0.454240222713732
TTCACCGTCAGATTGC_SRX17782706,0.87116694,0.4169335,-0.2592962,S,0.5624382333217595,False,
AACCTTTAGCAGCCTC_SRX17782704,-0.6573322,0.5533037,-0.5116338,G0,,True,-0.37807860824752215
ATTACTCGTCACAATC_SRX17782709,-0.7660461,0.47651735,-0.43139842,G0,,True,-0.3991733823816088
GCTCAAAAGGCTATCT_SRX17782706,0.22733209,-0.698626,0.6784112,G2M,0.9592618814117914,False,
AACACACCAGTTCTAG_SRX17782709,0.13594665,-0.35636747,0.9244029,G1,0.031108950033778036,False,
CATACCCTCGTCGATA_SRX17782709,0.76995015,-0.5382977,0.34265468,G2M,0.8606157493291785,False,
TAAGCCACAGCCGTTG_SRX17782704,0.34112504,-0.662666,0.66671383,G2M,0.9509807416138961,False,
TGGGCGTCAGGCGATA_SRX17782704,-0.77926844,0.5147516,-0.35745153,G0,,True,-0.3701520933565823
AGTCAACAGGGATGTC_SRX17782706,-0.74804324,0.6161577,-0.24653792,G0,,True,-0.3051311095297209
CCTGCATTCGACCATA_SRX17782709,0.29954225,0.68948007,-0.65946317,G1,0.501048824792552,False,
AACACACCACACACGC_SRX17782709,-0.61879456,0.50097275,-0.6050781,G0,,True,-0.41282196005583316
GACTCTCAGGCTCCCA_SRX17782704,0.8857899,0.45270577,-0.10214528,S,0.5451346230602808,False,
TTCCAATGTGGGCTTC_SRX17782704,-0.5770446,0.51453567,-0.6342495,G0,,True,-0.4094049686792609
CATTGTTTCGACATTG_SRX17782704,-0.44328436,0.55144817,-0.7066851,G0,,True,-0.39525257878912423
TTGTGTTAGCGACAGT_SRX17782709,-0.9412956,0.33750206,0.0074008326,G0,,True,-0.3596340376189193
ACTGTCCAGTCCTACA_SRX17782709,-0.34161747,0.15672447,0.92667955,G1,0.14045431629653157,False,
TCGCTCAAGCACTCAT_SRX17782706,-0.5679385,0.76466703,-0.3045161,G0,,True,-0.24447220611497256
GAGTGAGGTATCGTTG_SRX17782709,-0.5907481,0.4747907,-0.6523729,G0,,True,-0.42917215686169685
TTCGGTCTCGAGCCTG_SRX17782706,0.9253163,0.33285627,-0.18164925,S,0.5835991370394531,False,
