,dim1,dim2,dim3,KNN_phase,cell_cycle_pseudotime,south,dormancy_depth,G0_classification
AAACCGTGCTTCCG,-0.27961674,0.9579706,-0.06408316,G0,,True,-0.5078842,quiescence
AAAGAGACGCGAGA,-0.7858221,0.59540635,0.1672566,G0,,True,-0.84822816,senescence
AAGATTACCCGTTC,-0.6899688,0.53728837,0.48504025,G0,,True,-0.87120223,senescence
AAGCAAGAGGTGTT,-0.54004985,-0.5703587,0.6188999,G2M,,True,-0.4522001,quiescence
AAGTTCCTCATTCT,-0.041758202,0.47727472,0.8777614,G0,,True,-0.48494935,quiescence
AATGTTGATCTACT,-0.6850837,0.7279406,-0.027619386,G0,,True,-0.71526754,senescence
AATTCCTGCTCAGA,-0.94276494,0.1974935,0.26868284,G0,,True,-0.89732206,senescence
ACAGCAACACCTAG,-0.57983404,0.2870117,-0.76250684,G1-G0 transition,,True,-0.3648178,quiescence
ACAGTGACTCTATC,-0.95329523,0.16388626,0.25371167,G0,,True,-0.87756145,senescence
ACCACGCTGCGAGA,-0.074466184,0.45729756,0.8861905,G0,,True,-0.49959105,quiescence
ACCATTTGTCATTC,-0.8284584,0.5595235,-0.02429194,G0,,True,-0.78189546,senescence
ACGAGGGACGAACT,-0.014385501,-0.46366808,0.8858921,G2M,0.906385216808739,False,,nan
ACTGGCCTTCAGTG,-0.52865523,0.63464516,0.56369245,G0,,True,-0.76516837,senescence
AGAACAGAGACAAA,-0.25394955,0.9461661,-0.20069645,G0,,True,-0.46123493,quiescence
AGACACACTGTAGC,-0.8660937,-0.31858003,-0.38521215,G1-G0 transition,,True,-0.45528692,quiescence
AGCACTGATATGCG,-0.23805845,0.9458655,-0.22060467,G0,,True,-0.4488188,quiescence
AGCCTCTGCCAATG,-0.29584977,0.8080796,-0.5093919,G1-G0 transition,,True,-0.38778883,quiescence
AGGCCTCTCGGAGA,-0.6898489,0.70957434,0.14357066,G0,,True,-0.779491,senescence
AGTTTAGATGGTCA,0.78640336,-0.49253643,0.372797,S,0.8579504429386382,False,,nan
ATCCAGGACGCTAA,-0.6880239,0.58643526,0.42745414,G0,,True,-0.86245793,senescence
ATCTGGGATTCCGC,-0.7269766,-0.41895372,0.544043,G0,,True,-0.57194066,quiescence
ATGCACGAATGTCG,-0.9392648,0.17139138,0.29733247,G0,,True,-0.8921942,senescence
ATGGGTACATCGGT,-0.5990365,0.5117301,0.6158632,G0,,True,-0.80746543,senescence
ATGTACCTTTATCC,-0.59412676,0.5730907,0.5644292,G0,,True,-0.8069858,senescence
ATGTCACTAATGCC,0.16911724,0.9757048,-0.139282,G1,,True,-0.27952474,quiescence
ATTCGACTGAATAG,0.075828984,0.9803506,0.1821061,G0,,True,-0.38666302,quiescence
ATTGCTTGTTACTC,-0.75636625,0.64598554,0.10301768,G0,,True,-0.8032454,senescence
ATTGTAGATTGCAG,-0.3966561,0.914302,0.08194927,G0,,True,-0.60069716,quiescence
CAAGGACTTCTTTG,-0.45027,0.8785688,0.1592917,G0,,True,-0.64747643,quiescence
CACAGATGGTTTCT,-0.8844887,0.3018531,0.35575888,G0,,True,-0.9709456,senescence
CACCCATGTTCTGT,-0.3966561,0.914302,0.08194927,G0,,True,-0.60069716,quiescence
CACGCTACAGAAGT,0.7958682,0.56876236,0.20761323,S,0.6239798876334032,False,,nan
CAGCTAGATGTGAC,-0.8586779,0.46485236,0.21583392,G0,,True,-0.91685504,senescence
CAGTGATGTACGCA,-0.023337478,0.99928856,-0.029625706,G0,,True,-0.39477396,quiescence
CATAAAACGGAGCA,-0.5771114,0.70355314,0.41467488,G0,,True,-0.77985257,senescence
CATCGGCTTTGGCA,-0.7859034,0.57732296,0.22148132,G0,,True,-0.8724377,senescence
CATGCGCTAGTCAC,-0.24761961,0.9439209,0.218398,G0,,True,-0.5538447,quiescence
CATTGTACTTTGCT,-0.9536647,0.106298596,0.2814683,G0,,True,-0.8568422,senescence
CCCAGTTGGGTACT,-0.5279383,0.788635,0.31517616,G0,,True,-0.7281654,senescence
CCCTCAGACACTTT,0.0076677883,0.98727447,0.1588404,G0,,True,-0.41615397,quiescence
CCGCTATGGGACGA,-0.6671542,-0.73732376,0.10610823,G1,,True,-0.37255841,quiescence
CCTATAACTGCATG,-0.9931188,-0.080576494,-0.08498401,G0,,True,-0.6652783,senescence
CGAACATGCCCTAC,0.22235769,0.97488874,0.012203647,G1,,True,-0.28449786,quiescence
CGATCAGAGGTACT,-0.68954235,0.7037833,-0.17093945,G0,,True,-0.66370213,senescence
CGCGAGACAGGTCT,-0.19290058,0.9799009,-0.050827432,G0,,True,-0.47017092,quiescence
CGCTAAGACAACTG,-0.6841323,0.6697566,-0.28877172,G0,,True,-0.61588585,quiescence
CTAGATCTTCGACA,-0.8098097,0.5744158,0.119393,G0,,True,-0.84043443,senescence
CTATGTACTGTTTC,-0.7408138,0.66547143,-0.09133857,G0,,True,-0.7166071,senescence
CTCCGAACAAGTGA,-0.9120135,0.29498485,0.28498334,G0,,True,-0.9454067,senescence
CTCTAAACCTCGAA,-0.70370066,0.614354,-0.35689577,G0,,True,-0.59478366,quiescence
CTGCAGCTTGGCAT,-0.8723152,0.29377893,0.39084542,G0,,True,-0.9670246,senescence
CTTGATTGAGGTTC,-0.4788003,0.8609203,-0.17194906,G0,,True,-0.57071805,quiescence
CTTTAGACGATACC,-0.8993368,0.30145767,0.31672806,G0,,True,-0.9604398,senescence
GAAACAGAACTACG,-0.77126247,0.548793,0.3224598,G0,,True,-0.90341794,senescence
GAAATACTCTTAGG,-0.2197314,0.9732075,0.06771606,G0,,True,-0.50946164,quiescence
GAACCTGAGAGACG,-0.6210029,0.78006923,-0.076467924,G0,,True,-0.66705835,senescence
GAAGGTCTTAAAGG,-0.7312874,0.678588,0.06882555,G0,,True,-0.77557266,senescence
GAGGTACTACTCAG,-0.83246475,0.3888009,0.39476115,G0,,True,-0.9869595,senescence
GAGTGACTCAGCTA,-0.96127266,0.26859438,-0.061741732,G0,,True,-0.7730972,senescence
GAGTTGTGTATGCG,-0.7875803,0.25258562,0.5620658,G0,,True,-0.88500756,senescence
GATCGATGTAAGGA,-0.9605804,-0.12359903,-0.24901567,G0,,True,-0.5854789,quiescence
GATCGTGACACTAG,-0.889031,0.060669594,0.4538094,G0,,True,-0.8411168,senescence
GATTACCTTGTTCT,-0.7931504,0.31340435,0.5221973,G0,,True,-0.916664,senescence
GATTTGCTAACGAA,-0.20950387,0.9754616,0.06769471,G0,,True,-0.5044699,quiescence
GCACACCTGTGCTA,-0.82742345,0.237208,0.5090213,G0,,True,-0.90669876,senescence
GCACCACTGTTTGG,-0.3966561,0.914302,0.08194927,G0,,True,-0.60069716,quiescence
GCACTAGAACGGGA,-0.43249074,0.8907085,0.13996482,G0,,True,-0.6333294,quiescence
GCCGGAACGAACTC,0.2532021,0.8304967,-0.496149,G1,,True,-0.14643067,quiescence
GCTACGCTAGAATG,-0.9987701,0.038825464,-0.030833418,G0,,True,-0.72817826,senescence
GCTGATGAGGTATC,-0.39785528,0.80927336,0.4321897,G0,,True,-0.6717854,senescence
GGAATCTGAAGGGC,0.015051121,0.8672988,-0.49756014,G1-G0 transition,,True,-0.2591043,quiescence
GGAATGCTTTCTAC,-0.3851408,0.71477765,0.58374596,G0,,True,-0.68010473,senescence
GGACAGGATCTCGC,-0.79330087,0.60612625,0.05731179,G0,,True,-0.8035352,senescence
GGCAATACGCTAAC,-0.74632084,0.5331875,0.3983921,G0,,True,-0.90503854,senescence
GGCCGATGCCGAAT,-0.5150155,0.83696204,0.18507737,G0,,True,-0.68952745,senescence
GGTGGAGATTACTC,-0.67068285,0.39124018,0.63017094,G0,,True,-0.8402601,senescence
GTGTACGATCAGTG,-0.023337478,0.99928856,-0.029625706,G0,,True,-0.39477396,quiescence
GTTCAACTGGGACA,0.13405849,0.94248575,-0.30618456,G1,,True,-0.25689548,quiescence
GTTGAGTGGTCTTT,-0.9977501,0.062476728,-0.02431848,G0,,True,-0.73864806,senescence
TACTAAGAATCACG,-0.023337478,0.99928856,-0.029625706,G0,,True,-0.39477396,quiescence
TAGACGTGCTTGAG,-0.9363288,0.28773808,0.20123374,G0,,True,-0.9052377,senescence
TAGCCCTGCGGAGA,-0.5323852,0.7142142,0.45438322,G0,,True,-0.7568563,senescence
TATCGACTACTAGC,-0.68509823,0.7249263,-0.07156847,G0,,True,-0.6990877,senescence
TATGGGTGCTAGCA,-0.79046136,0.57752293,0.20405431,G0,,True,-0.8677564,senescence
TATGTGCTGGATTC,-0.19727229,0.9597161,-0.20007136,G0,,True,-0.43579483,quiescence
TCCCATCTCAAAGA,-0.78348875,0.49575728,0.3746601,G0,,True,-0.9330864,senescence
TCGGACCTAACAGA,-0.229553,0.97111505,-0.06512434,G0,,True,-0.48406428,quiescence
TCTAAGCTTGTTCT,-0.6121442,0.6858463,0.3935662,G0,,True,-0.799755,senescence
TGACCGCTCTGCAA,0.12994063,0.1283867,0.9831746,G2M,0.808987287278168,False,,nan
TGACTTTGCGCATA,0.051466882,0.909611,-0.41226074,G1-G0 transition,,True,-0.26726037,quiescence
TGATACCTGTTGGT,-0.86587197,0.47122926,0.1679546,G0,,True,-0.893459,senescence
TGCGTAGATGGTCA,-0.7882556,0.55762404,0.26020858,G0,,True,-0.89143944,senescence
TGGACCCTCATGGT,-0.864656,0.49416393,0.09039963,G0,,True,-0.85176015,senescence
TGGAGACTGAAACA,-0.023337478,0.99928856,-0.029625706,G0,,True,-0.39477396,quiescence
TGGAGACTTGACCA,-0.20444843,0.9663997,0.15579619,G0,,True,-0.52000606,quiescence
TTAGGTCTACTTTC,-0.49424922,0.739034,0.45776245,G0,,True,-0.73317826,senescence
TTCCAAACTCCCAC,-0.9096853,0.34021202,0.2381775,G0,,True,-0.93593025,senescence
TTCGAGGAGGGCAA,-0.80477154,0.5830833,0.11116049,G0,,True,-0.8338661,senescence
TTGAACCTCCTTGC,-0.35276127,0.9324345,0.07826396,G0,,True,-0.5776125,quiescence
TTTCAGTGTCTATC,-0.7359709,0.41037148,0.53846276,G0,,True,-0.8974761,senescence
