,dim1,dim2,dim3,KNN_phase,cell_cycle_pseudotime,south,dormancy_pseudotime,pseudotime_phase
CTGATCCGTCAGACTT_SRX17782706,0.5098490059883404,-0.20101472448457874,0.8364490077971798,S,0.7049487341146825,False,,S
GCCCGAAAGTAGTGCG_SRX17782704,-0.6250569441249417,-0.7207585485569596,0.2996845890610352,G1,0.008879346340560264,False,,G1
CCGATGGTCTGATGGT_SRX17782709,-0.2928110954692844,-0.8863945449645947,0.35856151670582515,G2M,0.9459568800282453,False,,G2M
CCTCTCCGTTATGTCG_SRX17782704,-0.2068606591650322,0.7110440696747707,-0.6720305317970826,G0,,True,-0.3458361610793642,Light_dormancy
AGCGTATGTCTACACA_SRX17782704,0.3845944776843582,0.8819484003153635,-0.27249578442880407,G1-G0 transition,,True,-0.2921877888742831,Light_dormancy
AGTTAGCTCTTACCAT_SRX17782706,-0.16154723186666137,-0.8786449795964493,0.4493166928441168,G2M,0.9241168646890209,False,,G2M
CAACGGCTCCACGAAT_SRX17782709,0.9261939115323949,0.039706450161319046,-0.37495071415484993,G1,,True,-0.6404767291216705,Deep_dormancy
TATCTGTCAAGCTCTA_SRX17782709,0.2504540539251278,0.8203258826904336,-0.5141383810813703,G0,,True,-0.3579733795019293,Light_dormancy
CAAGACTTCGCTAGCG_SRX17782704,0.47501571527864866,0.46534845794467666,0.746867301200392,S,0.5218140223320632,False,,S
AGGAATATCTGGAGAG_SRX17782704,0.4775816818135728,-0.26846835643524847,0.8365645790069945,S,0.7266838477426794,False,,S
ATTACCTAGGTCGCCT_SRX17782706,-0.3938233776844031,0.6644483856048042,-0.635146750528197,G0,,True,-0.3087004706163903,Light_dormancy
CCTACGTTCATCGCCT_SRX17782709,-0.11386033388119493,0.7087788641593954,-0.6961813238955716,G0,,True,-0.37185002684983715,Light_dormancy
ATAGGCTGTCCAGTTA_SRX17782709,0.03551115294066082,0.3923838723932146,-0.9191157124752123,G0,,True,-0.5515297847901635,Mid_dormancy
TCCTGCATCGCCAGAC_SRX17782704,-0.4313409739947146,0.7451036654835879,-0.5086899548586882,G0,,True,-0.24267083821538393,Light_dormancy
CGCAGGTCACTTGTGA_SRX17782709,-0.23718742234486495,0.8500346527481704,-0.4703011614885018,G0,,True,-0.24415506654735342,Light_dormancy
CGAGGCTTCTCAAAGC_SRX17782709,0.6675682542407775,0.6714835041534246,-0.32165600610332723,G1-G0 transition,,True,-0.4086492152800856,Mid_dormancy
GGTGATTGTTCCTACC_SRX17782706,0.5507569125162783,0.6581894935514416,-0.5132770078616433,G0,,True,-0.4522314615139328,Mid_dormancy
TACACCCCATACTGTG_SRX17782709,0.6524170767770079,0.37939306586568133,0.6560584581754714,S,0.5613478478956501,False,,S
AGCGATTTCTCGGCTT_SRX17782709,-0.12959258699259923,0.8512480528627113,-0.5085102770416154,G0,,True,-0.2769931544959664,Light_dormancy
TTCCGTGGTTAATGAG_SRX17782709,0.5220071299112554,0.7350615834500314,0.4326580232129702,G1,0.4934574374952243,False,,S
AGGTAGGAGACTTCGT_SRX17782709,-0.27573810518754166,0.5285954012064656,0.8028421170725952,S,0.31865434945607496,False,,G1
CCATCACAGCGAACTG_SRX17782706,0.5744023664963254,0.37975453074133936,0.7251540015448333,S,0.5522060266114254,False,,S
TGTGATGGTGCTAGCC_SRX17782704,0.32100244877745887,-0.3135352223729849,0.893673859481838,S,0.768305068389493,False,,G2M
TGGCGTGAGTTCGGTT_SRX17782709,0.4709098723488727,0.6942586259410439,-0.544287481953698,G0,,True,-0.4385599686093389,Mid_dormancy
GCATTAGCACCGAATT_SRX17782704,-0.6446583359215696,0.1119219692156248,0.7562334463054058,G1,0.17253679560539473,False,,G1
GGCAGTCGTTCAGCGC_SRX17782709,0.4188098887993275,0.00921522168627584,0.9080271649170719,S,0.6416765367166973,False,,S
GTACAGTCAATTCTTC_SRX17782706,0.4242255819530266,0.9006267231691302,0.09436215449436192,G1,0.4652390756392491,False,,S
TACGGTAAGTCTAGCT_SRX17782704,0.35273543041272476,0.9106366214887573,0.21521792020098257,G1,0.4539942893696122,False,,S
TCGTCCAAGACAGCGT_SRX17782704,0.6761555037135782,0.1916769799167371,-0.7113886066182903,G0,,True,-0.6782514465512617,Deep_dormancy
CCTGCATGTGCAAGAC_SRX17782709,0.4847884929522833,0.007181308168309749,0.8746018305515546,S,0.6428204796007594,False,,S
AAAGTCCGTGACTATC_SRX17782706,0.40759521186446296,0.08643738228515953,0.9090625806651876,S,0.6119191778794152,False,,S
GAGTGAGAGCTTGTTG_SRX17782704,-0.12680232390279422,0.6902900342757803,-0.7123348010174289,G0,,True,-0.37869700227639014,Light_dormancy
GAGACTTCAAGGCGTA_SRX17782706,-0.8481905902882739,-0.35348910625952046,0.3944846604851234,G1,0.08233274755244577,False,,G1
AAGTGAACAGAAGTGC_SRX17782709,0.7833549503269482,-0.5092684990105736,0.3563713593174821,S,0.7369234163710549,False,,S
CATAGACAGCTGTTCA_SRX17782706,0.0715567551083886,0.7289892324472446,-0.6807748297396048,G0,,True,-0.39793450137023456,Light_dormancy
CGAGTTACAGTCCCGA_SRX17782704,0.26973357276708787,0.8515825406426144,-0.44950077322180804,G0,,True,-0.33395552184838784,Light_dormancy
TATCTGTAGGTTCACT_SRX17782704,0.6836959308520743,-0.009218913274322449,-0.7297086859933741,G0,,True,-0.7624239709061776,Deep_dormancy
TCGGATAGTAGTGGCA_SRX17782704,-0.04096307299817481,0.6087965580102419,-0.792268007904424,G0,,True,-0.4398215917803595,Mid_dormancy
AAGCGTTTCTGCGTCT_SRX17782709,0.22235535373960888,-0.24604710854609463,0.9434080502774369,S,0.7782211025482181,False,,G2M
GTGAGTTGTATTCCGA_SRX17782706,-0.30686202846755695,-0.8955719643609641,0.3221591781640832,G2M,0.9477159615125689,False,,G2M
CAGTTAGAGCAAGTGC_SRX17782706,0.12321856688111521,0.6030762675575532,-0.7881092767627889,G0,,True,-0.4724185809245601,Mid_dormancy
GCCATTCCATTGAAAG_SRX17782709,0.20286509504119593,0.9269638208546069,-0.3155691779306068,G1-G0 transition,,True,-0.26137382005135634,Light_dormancy
ATTGGGTAGGAGGTTC_SRX17782709,-0.29624135683936176,-0.6948059240554543,0.6553515711185087,G2M,0.9593216165366616,False,,G2M
CTCCTCCTCGACCCAG_SRX17782709,0.5256194889687591,0.6037308431524349,-0.5993607642773683,G0,,True,-0.4891630578298898,Mid_dormancy
TACCCACTCGAATGCT_SRX17782704,-0.029442744896469086,0.49170236769784825,0.8702653679889294,S,0.38565920888853045,False,,G1
GTGGCGTAGCTACTGT_SRX17782704,0.3658462456146654,0.5451965868451789,-0.7542659738140763,G0,,True,-0.5245109231122734,Mid_dormancy
GGGACTCGTATCGTTG_SRX17782706,0.10013421751891821,0.744042357907588,-0.660586216943282,G0,,True,-0.3935062220929899,Light_dormancy
TGGAGGATCTATGCCC_SRX17782704,0.6542046426026751,0.33364486242628705,-0.6787469539868138,G0,,True,-0.6159355130491739,Deep_dormancy
TTCCGTGGTCGATTCA_SRX17782709,0.08204199644487103,-0.5266026078072107,0.8461434043262821,G2M,0.8705801277803945,False,,G2M
TCCCACAAGGACAGTC_SRX17782709,0.9579990062558604,0.1972060533369092,0.20820045690556105,S,0.6128668918042841,False,,S
TTCCGTGAGACTCATC_SRX17782704,-0.09812872690600027,-0.8402714882816096,0.5332115753604932,G2M,0.9136805637556158,False,,G2M
CCCTCTCGTATGGTAA_SRX17782709,-0.2789756037465776,0.4263281397448784,0.8604747514083513,S,0.30295718530938515,False,,G1
AGACACTAGACGGTTG_SRX17782704,-0.0461771287496206,0.7685256353224215,-0.6381504399960043,G0,,True,-0.35284060724968547,Light_dormancy
ACATTTCTCTTTCTAG_SRX17782706,0.5608126886883809,0.48728832775492326,0.6693572463706532,S,0.5313243845458825,False,,S
GTCCACTCAACGTAAA_SRX17782704,0.515444595829998,0.78904632294795,-0.33424932682453856,G1-G0 transition,,True,-0.35741944300096773,Light_dormancy
TGTAGACCATAGACTC_SRX17782704,0.5293398623961536,0.84816549463993,0.020364773626445898,G1,0.4839786809110083,False,,S
GTTACAGTCCGGTTCT_SRX17782704,0.7856381819560151,0.5730450402287113,-0.23322084698516665,G1,,True,-0.42470217435917224,Mid_dormancy
GTCACGGCAGCGAACA_SRX17782704,0.006041999010320154,0.8823158744003822,-0.470619044258615,G0,,True,-0.2837915189444339,Light_dormancy
CATACTTTCCATTCGC_SRX17782704,-0.18898954130661544,0.703844913756731,-0.6847519661109848,G0,,True,-0.35492053470369256,Light_dormancy
AGGCTGCTCTACGGTA_SRX17782704,-0.423409248889784,-0.8646694976983292,0.27031697533537147,G2M,0.9676500099347194,False,,G2M
TAGACCACATCACGGC_SRX17782709,0.8332604552889937,0.23991429379579535,-0.4981146421042162,G0,,True,-0.6116531594255105,Deep_dormancy
GTCTTTAAGCTTTCCC_SRX17782709,-0.4056130223944645,0.7053530778767465,-0.5813390407602307,G0,,True,-0.2800819992672646,Light_dormancy
TAGTGCAGTGTTCATG_SRX17782704,-0.3085880400321923,0.6386750940758177,-0.7048882226113442,G0,,True,-0.35300764821042374,Light_dormancy
TGGCGTGAGGCTTAAA_SRX17782706,0.4666787426914079,0.7347084167842707,-0.49235618682937915,G0,,True,-0.41144978398170196,Mid_dormancy
CTTGATTCAACAGTGG_SRX17782704,0.68017124937326,0.07624189644406976,0.7290777053899352,S,0.6274120449585959,False,,S
CTATCTATCTCGAGTA_SRX17782709,0.14616769968405646,0.9533168607020546,-0.26423830158656514,G1-G0 transition,,True,-0.22770282519487883,Light_dormancy
TGTCAGAAGAACCCGA_SRX17782709,-0.3159716273853343,0.6911917775968788,-0.6499351611251989,G0,,True,-0.3223637135681997,Light_dormancy
CGTGATACATCGGTTA_SRX17782706,-0.3782323435599002,-0.8861373854025936,0.267769876711137,G2M,0.9593844988446686,False,,G2M
TCGGGCACAGGGTTGA_SRX17782704,0.47594609782006864,0.879431013772952,0.00874693801148102,G1,0.4741283386481266,False,,S
TGAGGAGGTTTACGTG_SRX17782704,0.4182254534042126,0.7657670620712647,-0.4885572095337403,G0,,True,-0.3939042444756419,Light_dormancy
TCTTTGAGTCCGACGT_SRX17782706,0.3768768176396172,0.12413285205204547,0.9179078714580056,S,0.5945377459031368,False,,S
GAAGAATCACTCCGGA_SRX17782709,-0.4322520783733878,0.466751650636927,-0.7715575760230886,G0,,True,-0.3889927728517575,Light_dormancy
TAGCACAGTTTGCAGT_SRX17782709,0.16323049453543959,-0.8717373398030898,0.46198475800526373,G2M,0.8657177204299406,False,,G2M
TGATGGTGTGATGAAT_SRX17782709,-0.31915120980919365,0.723682896280252,-0.6119033345247773,G0,,True,-0.30237248399137184,Light_dormancy
GGTGATTAGAGAATCT_SRX17782706,0.3645678592825182,-0.24699230785850954,0.8978223007952333,S,0.7399484132357541,False,,S
TCCGAAATCGAAGAAT_SRX17782706,0.693740549733741,-0.058196015125323866,0.717870041040414,S,0.6584978050872947,False,,S
CAGCCAGGTTGACTAC_SRX17782709,0.5100587660921916,0.1782880675872938,0.8414591043460925,S,0.5916590920386008,False,,S
ACGTCCTAGCCACAAG_SRX17782704,0.3004405323555541,0.857199981859343,-0.41826276385356836,G0,,True,-0.32851640615073074,Light_dormancy
TTGACCCCACGGTGAA_SRX17782706,0.8545205551059143,0.4993788983079233,-0.14288204272078697,G1,,True,-0.4249949755501573,Mid_dormancy
AGTAACCTCGTCCTCA_SRX17782704,0.5358742600166972,0.6682856646286709,0.5159777060604956,S,0.5027470054569453,False,,S
TTACCGCCAGTAGTTC_SRX17782706,0.15799577619736427,0.5645405586807011,-0.8101426933280302,G0,,True,-0.496167401004617,Mid_dormancy
GGTAACTAGTCCTACA_SRX17782709,0.019034036946601773,0.45743950436587666,-0.8890370491724626,G0,,True,-0.520857727288595,Mid_dormancy
AATGGAAGTCGCTGCA_SRX17782709,0.5632551088817135,0.6559577475273979,0.5024572607550344,S,0.5080998353723868,False,,S
GAGGGATGTCCGGTCA_SRX17782704,0.17780417673527332,0.8351028306565897,-0.5205659834659977,G0,,True,-0.3429521200533229,Light_dormancy
AAGACTCGTAGCGAGT_SRX17782706,0.3044497729629958,-0.182412000640585,0.9348990870411353,S,0.7310891933189274,False,,S
GTCAAACTCACGGACC_SRX17782704,0.02895713134455613,0.6632407781322222,-0.7478456021913611,G0,,True,-0.4264380026348399,Mid_dormancy
ATAGGCTGTCCACTCT_SRX17782709,0.4449711615652472,0.7956300820069595,0.4110638432077217,S,0.4763360467959565,False,,S
CGGCAGTCAATTTCTC_SRX17782706,0.4073204845356564,0.4195184091146426,0.8112301570765978,S,0.51783015420022,False,,S
TCATTCATCTGGACCG_SRX17782709,-0.7298387268919131,-0.37690645950295265,0.5703304523723158,G1,0.06930866437808604,False,,G1
GAGACTTGTTCGGTTA_SRX17782706,0.5369594304764106,0.8354667151950202,-0.11691932965469576,G1,,True,-0.2813461084914477,Light_dormancy
TCGCTCATCAGGGTAG_SRX17782706,-0.5470922583419457,-0.6905045835728967,0.473173651347347,G1,0.0018169822039388428,False,,G1
CTATAGGAGATGGTCG_SRX17782706,-0.6961605416974884,-0.41062525008805617,0.5888524055825168,G1,0.060361466315392125,False,,G1
TCCCACAAGCGCACAA_SRX17782706,-0.17186295421259862,0.7679300444448981,-0.6170466222927508,G0,,True,-0.3222856751534693,Light_dormancy
CCGAACGAGACGAGCT_SRX17782706,-0.13795628103128327,-0.8725776857185574,0.46858977191317497,G2M,0.9201340611026517,False,,G2M
TCATCCGCATACGCAT_SRX17782709,0.3512820365503345,-0.4031123545286234,0.8450450814044755,S,0.7810954244247373,False,,G2M
CATGCTCGTGGACTGA_SRX17782709,-0.26196046388863287,0.712138376582542,-0.6513335743828185,G0,,True,-0.3284655381335422,Light_dormancy
GTCCACTTCGGTTGTA_SRX17782704,0.08080117432256473,0.7579441882240516,-0.6472957666341107,G0,,True,-0.3823854663078011,Light_dormancy
GGGTAGAAGGTCTACT_SRX17782704,0.3254450205150426,0.7102349927596443,-0.624220858827421,G0,,True,-0.4328990833580285,Mid_dormancy
TTATTGCTCCCTTGTG_SRX17782704,-0.4430374939861982,0.5310000169088643,-0.7223271843806381,G0,,True,-0.3567782347656404,Light_dormancy
TTGGGTAGTTCGGGTC_SRX17782704,0.37085117362695574,0.8457249333002349,-0.3836907025644477,G1-G0 transition,,True,-0.33331663999331484,Light_dormancy
ATCGGCGAGTAGACAT_SRX17782704,0.6441588895684238,0.6097059480549156,-0.4618635914942488,G1-G0 transition,,True,-0.46472014335132994,Mid_dormancy
CTGCCTAGTGTTTACG_SRX17782706,0.6049543673010043,0.7904782586309439,0.09578209334776194,G1,0.4991415032897957,False,,S
ATTTCTGCACTGAGTT_SRX17782704,0.20516332850075114,0.7140514353900983,-0.6693568547985567,G0,,True,-0.423439054033771,Mid_dormancy
CTCTGGTAGTATTCCG_SRX17782704,-0.0037895500841427787,-0.75560573694497,0.6550156773847622,G2M,0.8959761088727344,False,,G2M
ACACCAAAGCCGCTTG_SRX17782706,0.48516291600915873,0.5582448417502344,0.6730375743817947,S,0.5090486264164222,False,,S
CTCAACCTCTCGTCGT_SRX17782704,0.08900437729214461,0.9869552258967682,-0.1341555404185505,G1-G0 transition,,True,-0.16479045230579448,Light_dormancy
CAGATACCACTCTCGT_SRX17782704,-0.36265705205857746,0.6028092356868994,-0.7107044376468059,G0,,True,-0.35249754166860503,Light_dormancy
GGACGTCTCTGGAAGG_SRX17782704,-0.3478409552897047,0.7156851669040997,-0.6056413531559902,G0,,True,-0.2966583616231997,Light_dormancy
ATATCCTAGACATGCG_SRX17782709,0.5700811631183766,0.24869558953030102,0.7830440526022361,S,0.5797083562075779,False,,S
ATCCATTCAATCAAGA_SRX17782706,-0.15795859414255886,0.9467452741978828,-0.2805752648261147,G1-G0 transition,,True,-0.1743730149147651,Light_dormancy
CACTGTCCATCGGAGA_SRX17782706,0.4238504726091408,-0.007587150576289042,0.9057003305480648,S,0.6480265685962168,False,,S
CCAAGCGAGACTCATC_SRX17782709,-0.8073288305144954,-0.3121916361039112,0.500755737579408,G1,0.08645197886380894,False,,G1
ATGACCAGTCTTTCTA_SRX17782709,0.6499344357407151,0.7437181632688528,0.15642413041687037,G1,0.5094839475317564,False,,S
GCTTTCGCACTCACTC_SRX17782709,0.3725472638136773,0.8409504165034445,-0.3924419781119338,G1-G0 transition,,True,-0.33750347084301136,Light_dormancy
CGTGTCTTCGGTATGT_SRX17782704,0.12920454489349753,0.9779563016327047,-0.16403525971313296,G1-G0 transition,,True,-0.18524003332337846,Light_dormancy
GCAGTTAAGTTACGGG_SRX17782704,0.20368575811048634,-0.08438921237303654,-0.9753925818424629,G0,,True,-0.7705400833364386,Deep_dormancy
AGCGTATGTGTGCCTG_SRX17782709,0.646892579128058,0.7248815672268221,0.2368047032634243,G1,0.5111392645767068,False,,S
CAACGATTCCCTTGTG_SRX17782706,0.3469006314105367,0.9180992495648914,0.19171251221776542,G1,0.4526748550515732,False,,S
ATGGATCAGTCACACT_SRX17782709,0.1056969474569795,0.6678091879247838,-0.736789678460384,G0,,True,-0.4367708767502425,Mid_dormancy
TTGTTCAAGTCGGCCT_SRX17782704,-0.5256480291118593,0.5514844371029173,-0.6477338410917609,G0,,True,-0.31256940413325873,Light_dormancy
TTGGATGCATAGACTC_SRX17782709,0.43675048750255496,-0.23123526296861177,0.8693557086784807,S,0.7226744369753951,False,,S
TTTCACAGTAGTTACC_SRX17782706,0.5192581907250611,0.6193841210063573,0.5888414858830227,S,0.506218611508102,False,,S
CGGAGAATCCCTTGTG_SRX17782709,0.5502610878562633,0.8344578572011321,0.029878038503370563,G1,0.4879606779536942,False,,S
CTCAGGGTCCATCCGT_SRX17782709,-0.4320359925413245,0.49063623386163147,-0.7567171201348103,G0,,True,-0.37891468807859574,Light_dormancy
CGAGTTACATTGTAGC_SRX17782706,-0.10579799304681264,0.8992006630234255,-0.424552610254042,G0,,True,-0.24358904068586207,Light_dormancy
GTCATCCGTTCGGTTA_SRX17782706,0.06561043143696199,0.623422996185568,-0.7791271860604795,G0,,True,-0.4531468674300161,Mid_dormancy
GACTCTCTCTCGAACA_SRX17782709,0.16166682580552139,0.7858632310832101,-0.5968941731635233,G0,,True,-0.3753581552976858,Light_dormancy
GCACGGTCAGGACGAT_SRX17782709,0.25600144441338246,0.8444437903961555,-0.47050823543591624,G0,,True,-0.3396698666564897,Light_dormancy
ACGGGTCGTTGGAGGT_SRX17782706,0.043704631859814436,0.8786076480005562,-0.47554023758343467,G0,,True,-0.29338289236276505,Light_dormancy
ACTTCCGAGTTCCAGT_SRX17782706,-0.2422931794962876,0.5444293278947572,-0.8030508613360368,G0,,True,-0.41859342049313997,Mid_dormancy
GCGAGAATCACCGCTT_SRX17782704,0.5926166485115897,-0.17576407763920474,0.7860741703954129,S,0.6910663075108185,False,,S
TTGAGTGGTGATAGTA_SRX17782704,-0.3710231744438891,0.7491780715971922,-0.548702035938886,G0,,True,-0.26641724354232843,Light_dormancy
TCAATCTCATCGGATT_SRX17782709,0.4205698543569986,0.7343524869691478,-0.5327733057240325,G0,,True,-0.41584203998899527,Mid_dormancy
CGTGCTTGTCATGCAT_SRX17782704,0.644134098612019,0.7300272379375979,0.22836692446378654,G1,0.5102427225298344,False,,S
CCCATTGAGTTGGACG_SRX17782704,0.607216547928023,0.7397597114442347,0.28990283284946655,G1,0.5045672398651634,False,,S
GGCTTGGGTTAGGCTT_SRX17782704,0.48228678307891526,-0.053532106164535576,0.8743762353618554,S,0.6627715264755593,False,,S
ATGAGTCCAAGAGTTA_SRX17782709,-0.561398834340729,0.027030230702788094,0.8271037562261756,G1,0.15283499286254634,False,,G1
AGTGCCGAGAGCAGAA_SRX17782704,0.49045996878124454,0.11651725891661593,0.8636391384366244,S,0.6080560545371312,False,,S
GTAGGAGCACCGGTCA_SRX17782706,0.6601742077488935,0.31497317740867625,0.6818809844976356,S,0.5743276455702468,False,,S
GAACTGTGTTCCGGTG_SRX17782706,0.32842582513605156,-0.5488046038274564,0.7687327939201173,G2M,0.8093503362395184,False,,G2M
TCTTAGTTCCTTCAGC_SRX17782709,0.5447093380103059,0.5841786620541548,-0.601686661711145,G0,,True,-0.4985405694846823,Mid_dormancy
CTTCCGACAGAGGTAC_SRX17782704,0.6404027264482574,0.4729618788295864,-0.6051376786137938,G0,,True,-0.5473089346951772,Mid_dormancy
TGGTTAGAGATTGGGC_SRX17782704,-0.4530523449680834,0.8142239894997716,-0.36301900218746946,G0,,True,-0.17393663224391998,Light_dormancy
CGGTCAGGTCGTATTG_SRX17782709,-0.14653509075415913,0.9887491989397619,0.030040427907748364,G1-G0 transition,0.3717612042230435,False,,G1
ACAGCCGAGCGAATGC_SRX17782706,0.5425746534904523,0.5787811401243096,-0.608789828725504,G0,,True,-0.5018720360317028,Mid_dormancy
TTCCACGTCTGAGGCC_SRX17782704,0.025260408643531684,0.6457928289877201,-0.7630946785152173,G0,,True,-0.4347185815800767,Mid_dormancy
ACTGCAATCGTGCAGC_SRX17782704,-0.7865200162806315,-0.2640332998087924,0.5582765716824616,G1,0.09363123116855872,False,,G1
TCTTAGTCAGGTAGTG_SRX17782706,0.11749038255217249,0.9204335720683111,0.3728243256630278,G1,0.4153842576723591,False,,S
GAGAAATCACTTGGGC_SRX17782706,-0.46446101636979636,-0.788720711670392,0.40273504573456687,G2M,0.9798805116697172,False,,G2M
AATGACCTCAAACGTC_SRX17782706,0.24032930578230804,-0.5698604747314974,0.7858120904784263,G2M,0.8316590614044886,False,,G2M
AATGAAGCACTAGAGG_SRX17782709,0.5703311162831537,0.7492419700784664,0.33668803348132503,G1,0.4987300927992143,False,,S
CTCACTGTCGACGATT_SRX17782704,0.324805557669398,0.5022750097714289,-0.8013871266606739,G0,,True,-0.5434484270713392,Mid_dormancy
GCTGCAGCAAGTTCGT_SRX17782709,-0.010425589197314955,-0.74974269178123,0.6616473420518729,G2M,0.8973909094588761,False,,G2M
GTAGCTATCAGCACCG_SRX17782704,-0.08047278499742466,0.8473698361377334,-0.5248699828546912,G0,,True,-0.2925097688249054,Light_dormancy
AGGACTTAGGATGGCT_SRX17782706,0.5301558774311091,-0.0010062727799064614,0.8478995782406433,S,0.6454800008752144,False,,S
ATCACTTTCTCGTGAA_SRX17782706,0.3193995228966708,0.39203548426287343,0.8627235821212078,S,0.5039846522112115,False,,S
CTGGACGCAACAGTGG_SRX17782709,-0.1361970881484062,0.7617220888087091,-0.63342703327763,G0,,True,-0.33569560035876045,Light_dormancy
CTACTATTCTCGTGGG_SRX17782709,0.2903839097459817,0.9296378449581716,-0.2268271576757554,G1-G0 transition,,True,-0.2487347443446496,Light_dormancy
TATTTCGAGACGCTCC_SRX17782709,0.327209387853781,-0.8178506551122193,0.47334378687316914,G2M,0.8346068470754763,False,,G2M
GGAATCTTCGCACTCT_SRX17782704,-0.20801226968742326,-0.833350903860867,0.5121103774382018,G2M,0.9341089738769469,False,,G2M
CCCTGATGTCTCAGGC_SRX17782706,-0.5206629520059272,-0.7760536273955829,0.355880458038118,G2M,0.9892281829628587,False,,G2M
TTGGGTACAGCACGAA_SRX17782706,0.5089448611636139,0.8556074254973906,0.09439894775432683,G1,0.48058248118176394,False,,S
ATGGGTTCACAATCTG_SRX17782706,0.38164755018588825,0.8901402873714046,-0.2489888861304056,G1-G0 transition,,True,-0.28223072697913587,Light_dormancy
CTCTCGAAGCTCCATA_SRX17782706,0.7448760541763297,0.625408419733422,-0.23243022211376485,G1,,True,-0.40474972101710116,Mid_dormancy
GATTGGTCATGGAACG_SRX17782706,0.08096381424036336,0.8688299194266055,-0.48844582888102184,G0,,True,-0.3067883640360348,Light_dormancy
CAATCGAGTGTTGACT_SRX17782704,0.697877136048402,-0.32277442632217235,-0.6393623229117209,G0,,True,-0.8608674995149573,Deep_dormancy
TTCCAATGTAGTCTTG_SRX17782706,-0.20823744264438654,0.6640607607617472,-0.7180950678403749,G0,,True,-0.37079628467812775,Light_dormancy
GTGTAACGTGGCGTAA_SRX17782704,0.28009509889078726,0.5211260243908579,-0.806209900397396,G0,,True,-0.5308843034244279,Mid_dormancy
CCACGTTTCCTCTAAT_SRX17782706,0.7485535398458626,0.4719208208908048,0.4657877649295541,S,0.5556525787211594,False,,S
TCAGCAAAGCCTCTTC_SRX17782709,-0.02943134863099489,0.8412494248897043,-0.539845337135599,G0,,True,-0.30839824011695305,Light_dormancy
CCCTCAAGTCACTTAG_SRX17782709,-0.08059421023195734,0.5826534924673421,-0.8087146662675856,G0,,True,-0.44346049039754853,Mid_dormancy
GTGCAGCGTGTGTGTT_SRX17782709,0.2226835828128393,-0.45286800724458676,0.8633206237323474,G2M,0.8224440259356136,False,,G2M
ATTACTCCATGACTCA_SRX17782709,0.6367623209549411,0.7264210369977062,-0.2585462413235765,G1,,True,-0.36999030247228004,Light_dormancy
ACAGAAAAGAGCGACT_SRX17782704,0.7198382951487864,0.6863007417577813,-0.10403892797568087,G1,,True,-0.34489634266701596,Light_dormancy
CAACGATGTCGAGTTT_SRX17782709,0.03181998850424961,0.7188580713253019,-0.6944282158641799,G0,,True,-0.3969876142500184,Light_dormancy
GCAGTTACAATTCTTC_SRX17782706,0.36509637965730724,0.8696648158585921,0.33224666042587514,G1,0.45843703999117447,False,,S
TGAATGCAGGAGGCAG_SRX17782704,-0.7529249927509948,-0.317947197222956,0.5762061771982556,G1,0.08158487979476291,False,,G1
TCGCTTGGTGTCTTCC_SRX17782706,-0.07762541559635294,0.8490686343121131,-0.5225482700999762,G0,,True,-0.2919290586114567,Light_dormancy
AATGGCTAGCTAAATG_SRX17782704,0.2584924356958916,-0.4863287483792421,0.834665093818562,G2M,0.8174239026176563,False,,G2M
CTTCTAACACTACAGT_SRX17782709,-0.3974727288585401,0.595896103424495,-0.697798603349608,G0,,True,-0.3432438018363525,Light_dormancy
TGCAGTAAGTGGTGGT_SRX17782704,0.4938893181217652,0.5857118057069288,0.6426625038365348,S,0.5066739300847257,False,,S
TGTTCTATCCGATTAG_SRX17782709,-0.20616904169891814,-0.9017787118285233,0.3798543272818878,G2M,0.9309498905192624,False,,G2M
AGTGACTAGCTTTCTT_SRX17782704,0.28343400593146906,0.875129230033176,-0.392191071235871,G0,,True,-0.3129565582410897,Light_dormancy
CTACCCACATGCCGAC_SRX17782704,-0.2594177211487172,0.6724339202679374,-0.693206369032473,G0,,True,-0.3511615406114168,Light_dormancy
ACATTTCTCTCTCGAC_SRX17782709,0.2115387783940812,0.8338755086472674,-0.5098067359469366,G0,,True,-0.34617961736958913,Light_dormancy
GCCAGTGTCATTTCGT_SRX17782709,0.23352639875473558,0.9008862738668808,-0.3658813610265705,G1-G0 transition,,True,-0.28930415496603823,Light_dormancy
AGACAAACATGTTCAG_SRX17782706,0.5036846476788833,0.8523881030549818,-0.14048512985018904,G1,,True,-0.27885429283138496,Light_dormancy
GTGATGTTCGACATAC_SRX17782704,-0.20893124357927956,0.20867062442365486,-0.955407863523752,G0,,True,-0.5580835180356419,Mid_dormancy
TACTTCATCTACGGGC_SRX17782709,0.19624347406587045,0.6471042291604847,-0.7367118943770318,G0,,True,-0.45941215857031903,Mid_dormancy
GCCATTCCAGTCGGAA_SRX17782706,0.17879645484075363,-0.7626141431627507,0.6216521441730016,G2M,0.8585257035031273,False,,G2M
CGGGACTTCGAACGCC_SRX17782709,0.02592445300437568,0.8918752113364096,-0.4515379554982505,G0,,True,-0.2793105931197357,Light_dormancy
AGGTCATTCCAGGACC_SRX17782704,0.6799933166475188,0.6466039695518409,-0.3457057563189339,G1,,True,-0.4245663335716424,Mid_dormancy
CGTCCATCACGTTGGC_SRX17782704,0.13718777757803524,0.5166804962317935,-0.8451157479476685,G0,,True,-0.5156496581143831,Mid_dormancy
TATGTTCCAAGTGCTT_SRX17782704,0.5310948948270795,0.7809300178473954,-0.3287649179570573,G1-G0 transition,,True,-0.3604276684115091,Light_dormancy
CTTCTCTGTACGGCAA_SRX17782706,0.4491041629552704,0.008672993095267508,0.8934371701608921,S,0.642104733555431,False,,S
AGGTTGTCAGAAGTGC_SRX17782704,-0.10205733051613669,0.8636272837835667,-0.49369219484766647,G0,,True,-0.27472381304728555,Light_dormancy
TGGGAGAAGGGTGGGA_SRX17782709,0.06176580554736699,0.9587151281403307,-0.2775794731291328,G1-G0 transition,,True,-0.21437207209175668,Light_dormancy
TCCGGGAGTTGTATGC_SRX17782704,0.4188266340509874,0.54948591999634,-0.7229449702360964,G0,,True,-0.523463629630682,Mid_dormancy
CTTTCAAAGCTAAACA_SRX17782706,0.665452320497176,0.7309993879511268,0.15103983504253676,G1,0.512712930883884,False,,S
TGTTCTAAGGCTATCT_SRX17782706,-0.30902945413765676,0.5255595403745108,-0.7926461362234719,G0,,True,-0.4064796330249636,Mid_dormancy
GCAGTTATCGCATTAG_SRX17782709,-0.28519711549618704,0.44403047639395926,-0.849411235000267,G0,,True,-0.4483651448591691,Mid_dormancy
TCGGGACCAGCTATTG_SRX17782706,-0.6198801690653,-0.7651684464019199,0.1739709927465508,G1,0.003543775604310396,False,,G1
ATGCATGCATCTCAAG_SRX17782709,0.4394010188741751,0.06663050140221437,0.8958164230011704,S,0.6212262293105127,False,,S
AGATAGATCAACGCTA_SRX17782706,-0.52611387331544,-0.8295508386652375,0.18721517149377712,G2M,0.9851320735454954,False,,G2M
TCGGTCTCAAGCCCAC_SRX17782704,-0.2614452336593268,0.746040510032539,-0.6124295432378677,G0,,True,-0.30859236101869614,Light_dormancy
CATAGACGTTGGTGTT_SRX17782704,-0.16949107955052994,-0.8822576617747547,0.4391973446099342,G2M,0.9253852439549419,False,,G2M
GGAGCAAAGGCGATAC_SRX17782704,0.2934816818371056,0.3862148976142603,-0.8744749863213899,G0,,True,-0.5943652650457667,Mid_dormancy
GTTCGCTGTGTTCCAA_SRX17782709,-0.03745340791304014,0.891556257923713,-0.4513586744058859,G0,,True,-0.2671886171994089,Light_dormancy
GAGGCAATCTGGTTGA_SRX17782709,-0.32922656096292846,0.7733596423507483,-0.5417791401654855,G0,,True,-0.266815032898157,Light_dormancy
TGTAACGTCCTACACC_SRX17782704,-0.17570774035233472,0.0973402135053372,0.9796180793069538,S,0.22569453929298364,False,,G1
AGCTACACAGGACTTT_SRX17782704,-0.52037415470985,0.6013934470416477,-0.6062479709180659,G0,,True,-0.2892093080207423,Light_dormancy
TTCGCTGTCTTTCTAG_SRX17782709,0.07689798978027862,0.7986730669591668,-0.5968316395106533,G0,,True,-0.35632367787205776,Light_dormancy
GTAACCACAGCAGGAT_SRX17782704,0.4961805739672891,0.6555273893376258,-0.5692877564158755,G0,,True,-0.46083145556453564,Mid_dormancy
AGGATAATCGAGCCAC_SRX17782704,-0.18092975083179394,0.8521249501243751,-0.49106756962367876,G0,,True,-0.26130373796878836,Light_dormancy
TTCTAACGTATGCGTT_SRX17782704,-0.000906229248482826,0.7112705561538408,-0.7029176768523127,G0,,True,-0.39514238543638525,Light_dormancy
TGCGACGCAAGAAATC_SRX17782709,0.46026967429884325,0.4211521177152588,0.781525773428052,S,0.5272365890189691,False,,S
ACCGTTCCAGTCCCGA_SRX17782706,-0.36604520320941286,0.7958616413266933,-0.48230193501428187,G0,,True,-0.23527605242545768,Light_dormancy
CGGAACCGTACATACC_SRX17782709,-0.40469823510633857,0.7320102064825285,-0.5480697391866856,G0,,True,-0.2635665142174549,Light_dormancy
TGTTCATGTTTACCTT_SRX17782704,0.03500885018603478,0.7845791467264426,-0.6190394954999715,G0,,True,-0.35860817863135064,Light_dormancy
CTGTATTCAATCAGCT_SRX17782704,0.534185177167716,0.35306234599441977,0.7681102003320494,S,0.5522274658917962,False,,S
CATCCGTTCCCATGGG_SRX17782706,-0.41328918227325584,0.5620091579614352,-0.7164758966058288,G0,,True,-0.35371623140634134,Light_dormancy
AATGACCCATACCATG_SRX17782706,-0.7163164486024441,0.5006388695466417,0.4860569843160063,G1,0.24226120418820582,False,,G1
CTATCCGTCGTGGGTC_SRX17782706,-0.448758796508379,0.7352011195314567,-0.5080305202061064,G0,,True,-0.24130378058045665,Light_dormancy
TTACGCCAGGTAAGTT_SRX17782709,0.20577819059581598,0.6566505040697994,-0.7255793957644525,G0,,True,-0.45535949234079764,Mid_dormancy
ATCAGGTGTCGGTGAA_SRX17782704,0.4598348643336425,-0.36550580520871256,0.8092943093657894,S,0.7520665139860161,False,,G2M
AGTACTGGTGTAGGAC_SRX17782704,-0.4045465782127792,0.6618676882222199,-0.6310889287434395,G0,,True,-0.30592435535203255,Light_dormancy
CGTGCTTGTTTAGAGA_SRX17782706,0.20534343564007046,-0.3050572771117128,0.9299323199868286,S,0.800884275990887,False,,G2M
TCAGTCCGTGTTCCAA_SRX17782709,-0.17437533063660055,0.7786030536824057,-0.6028021369050237,G0,,True,-0.31487960811904314,Light_dormancy
CCATAAGTCAACACGT_SRX17782704,0.17346742193978149,0.8226399637730767,-0.54145414425259,G0,,True,-0.35159507284331126,Light_dormancy
TTTACTGCATGCGGTC_SRX17782709,-0.09213793759411526,0.631552948473739,-0.7698386587367588,G0,,True,-0.417243200397021,Mid_dormancy
CTGTATTTCTCGCTTG_SRX17782704,-0.7386390393983684,0.3974672778394197,-0.5444557327994007,G0,,True,-0.2726889174749242,Light_dormancy
GGAATCTCAGTTGTCA_SRX17782709,-0.17932418939480405,0.735422957686208,-0.6534492046075471,G0,,True,-0.3397256586776203,Light_dormancy
GTCGTAAAGATGCTTC_SRX17782704,0.40186203816440685,-0.023753206885322484,0.9153921134194059,S,0.6545742902220708,False,,S
AAGGAATCACCGGTCA_SRX17782709,0.18912159383097216,0.9050203816335958,-0.3810134128622754,G0,,True,-0.2847987762133536,Light_dormancy
ACTGATGTCGGAACTT_SRX17782706,0.4529060765731852,-0.20337897773062982,0.8680513443542932,S,0.712351866058349,False,,S
GCATGATCACTCCGAG_SRX17782704,-0.43842568957942785,-0.5530571716434622,0.7084565342136213,G1,0.0018583616569897478,False,,G1
GTATTTCCAAGGGCAT_SRX17782706,-0.4460986584295458,-0.4295738317582465,0.7851509844086527,G1,0.023180972576927993,False,,G1
GTTGAACTCGGAGTGA_SRX17782709,0.0032050821239505423,0.8776061623525123,-0.47937166335935416,G0,,True,-0.2871163283938657,Light_dormancy
TTTAGTCAGCGACTGA_SRX17782709,0.6142628042857248,-0.6608160217772878,0.43128119230432294,S,0.7759860923993175,False,,G2M
CGTTGGGCAGCGACAA_SRX17782709,-0.5996156848354219,-0.7252232775301165,0.3383964707407385,G1,0.0051334507671993495,False,,G1
CATTGTTAGTTTCGAC_SRX17782706,0.5777158342298944,0.49936503143402905,-0.6456616448932307,G0,,True,-0.5419311806944931,Mid_dormancy
AACCACAGTTAGGCCC_SRX17782704,-0.059699947173825096,0.8396855513834127,-0.5397815439631561,G0,,True,-0.30296354553220384,Light_dormancy
GAAGCCCTCTCTAAGG_SRX17782704,-0.23754880770813858,0.804606783095598,-0.5442228494520908,G0,,True,-0.27822951616913527,Light_dormancy
TCACTATGTGCTGTCG_SRX17782704,0.4003430345041119,0.820420047366092,0.4082111560826895,S,0.467431074889209,False,,S
GAGATGGTCGCAGTTA_SRX17782709,0.5888712484033938,0.8081905440960631,0.00765610712462883,G1,0.49539506588118576,False,,S
CTCCTCCTCATCGCAA_SRX17782704,-0.34548931308446584,0.7868202983571327,-0.5114203942733573,G0,,True,-0.2508134068546254,Light_dormancy
CGGCAGTGTGAGTAGC_SRX17782704,0.3796517894951211,0.9028122779247346,0.2019767960073335,G1,0.45853288739755804,False,,S
CCCTCTCTCAAAGACA_SRX17782709,-0.8470879756407012,-0.21928485145128992,0.48410338438897066,G1,0.10486262698619077,False,,G1
GGTGAAGCACGCGTGT_SRX17782709,-0.3909475960513857,-0.7078904328726473,0.5882610852774309,G2M,0.9754851694889516,False,,G2M
GGAGGATCACGTACAT_SRX17782704,-0.11449589127541969,0.9651253006814196,0.23542284440491743,G1,0.3763846915421585,False,,G1
CGCAGGTCACCATATG_SRX17782704,-0.5146903325350304,0.1560227413436154,0.8430602764503399,G1,0.1920226518512362,False,,G1
GTAATGCCATCCTGTC_SRX17782709,0.2945661467865661,-0.6667104847264652,0.684637048067988,G2M,0.8289645555914061,False,,G2M
ATTCATCTCCTACACC_SRX17782709,0.15355586415116473,0.7384780100443498,-0.6565597556254953,G0,,True,-0.40373513335494493,Mid_dormancy
CATTGAGAGCTGTCCG_SRX17782709,0.186782117447313,0.7018032625642184,-0.6874479834656888,G0,,True,-0.4285932152648667,Mid_dormancy
GACGTTACAAAGGCGT_SRX17782709,-0.8842202815083857,0.45069954710027627,0.12257411552181616,G1-G0 transition,0.22020174891004002,False,,G1
CCAATGAAGACAGTCG_SRX17782704,-0.35019199036681226,0.9364923709924908,0.018641353342076755,G1-G0 transition,0.3382257401234295,False,,G1
GTCTCACAGTAACCGG_SRX17782704,0.23354322722187698,0.9692719295482223,-0.07726188153978517,G1-G0 transition,,True,-0.17874567536695896,Light_dormancy
TCCTCCCGTCCACATA_SRX17782709,0.8130963330398299,-0.1527547704754707,0.5617296703602104,S,0.6747335304547241,False,,S
TGATTTCGTGATACAA_SRX17782704,-0.30022757642614517,-0.8603778571329976,0.41184113590302285,G2M,0.9486122410780987,False,,G2M
ATAGACCCACGACTAT_SRX17782709,0.0483472729295677,-0.7535627791913996,0.6555955799706967,G2M,0.8849807867422846,False,,G2M
GTGTGGCCACAGACGA_SRX17782704,-0.21186382634931145,0.7954796457647766,-0.5677373866841334,G0,,True,-0.29274019005875684,Light_dormancy
ACGTCCTCACCCTTGT_SRX17782706,0.3784890093715266,0.7741990999836945,-0.5073084416490827,G0,,True,-0.3904804702788798,Light_dormancy
TTTGATCAGACACACG_SRX17782706,-0.33731737381239296,0.7196768810285302,-0.6068626719829964,G0,,True,-0.2981750931467202,Light_dormancy
CATGCTCAGCTGACTT_SRX17782704,0.06241160533719792,0.5218415163535005,-0.8507561737733439,G0,,True,-0.5008186061883755,Mid_dormancy
GTTAGACCACCCATAA_SRX17782706,0.3698191862120744,0.5621790395345548,-0.7397219030558809,G0,,True,-0.5160113956736256,Mid_dormancy
GGAATCTTCGCCTTGT_SRX17782704,-0.850757671137502,0.43492199003035903,-0.29504944613184725,G1-G0 transition,,True,-0.15904140527969435,Light_dormancy
CTTTCGGGTGGACAGT_SRX17782706,0.22394394725220512,0.8324799155364934,-0.5067801924545883,G0,,True,-0.3478741321277927,Light_dormancy
CTGTCGTAGACGCATG_SRX17782709,-0.2071765049783027,0.8655238487786068,-0.4560113819586513,G0,,True,-0.24181360802555052,Light_dormancy
GTCATGACATTCGGGC_SRX17782709,-0.9189147655412929,0.39237419506265697,0.040474116444070674,G1-G0 transition,0.2094066781923469,False,,G1
TCAAGTGAGGTAGCAC_SRX17782704,0.5557967066829242,0.5892362222677079,-0.5864218038796594,G0,,True,-0.4943049784542801,Mid_dormancy
ATGACCACAGACCGCT_SRX17782706,0.013227759039381448,-0.6881130305991386,0.7254828260204939,G2M,0.8921188178474391,False,,G2M
TGGGTTAGTGCAAGAC_SRX17782704,0.2757030115888335,0.6524474936355701,-0.705903712938018,G0,,True,-0.46364351482969857,Mid_dormancy
CAACGGCCACAAATCC_SRX17782709,0.35338904139705846,-0.6388005021140997,0.6834106122706438,G2M,0.8147565676011573,False,,G2M
TAAGTCGCACGATTCA_SRX17782704,0.595988194145404,0.6942977337598828,0.4034211632711019,G1,0.5080749555003592,False,,S
ATCTCTAGTGGACCTC_SRX17782709,0.5007722094774325,0.8605370416553169,0.09329144494120589,G1,0.4790568130690106,False,,S
AGACTCAAGATCCCGC_SRX17782704,-0.7784421043032472,-0.5057232338485591,0.3718493350743965,G1,0.053482917982403136,False,,G1
AGAGAATAGCTAAATG_SRX17782704,0.13513252864662356,-0.5634323475187105,0.8150356402240826,G2M,0.8577141348154845,False,,G2M
CTACATTGTATGTCCA_SRX17782704,-0.495808405332801,0.018644351795522957,0.8682317650602016,G1,0.15115994914743092,False,,G1
CATGCAAAGGAGTACC_SRX17782706,0.4311001881185684,0.8837446242575551,0.18206571243065153,G1,0.4674101939698095,False,,S
AGAGCCCCAACACGAG_SRX17782706,-0.27987182125679955,-0.8621861037725844,0.4222638814086152,G2M,0.9451329246274709,False,,G2M
GGTAGAGCACGGTAGA_SRX17782706,-0.3923178461659759,-0.8898736662602198,0.23283392216732168,G2M,0.961264587557283,False,,G2M
CTTAGGAGTCGCATTA_SRX17782709,-0.6790302335469852,-0.5974362825763059,0.4266001134047135,G1,0.030337551402313007,False,,G1
ATACCGACACTACGGC_SRX17782709,0.4075406981642741,0.7147470382776631,-0.5683723994609935,G0,,True,-0.4294613730471123,Mid_dormancy
ACGCACGGTTGTTTGG_SRX17782706,-0.32930825581734535,-0.9092000757407407,0.25477647370928236,G2M,0.9504839233789691,False,,G2M
CCAATGATCGCAGATT_SRX17782706,-0.02224268806660412,0.7172483275101578,-0.696462576811377,G0,,True,-0.3876105225951998,Light_dormancy
TTGTTTGGTATCGTAC_SRX17782704,0.07830762982251194,-0.7704217170585566,0.6327070536963577,G2M,0.8790563656414246,False,,G2M
AGAACAAAGTGCCAGA_SRX17782706,0.23356852579597803,0.46913648399661945,-0.8516786754993869,G0,,True,-0.5504591133753296,Mid_dormancy
AAGACAATCACTGTTT_SRX17782709,-0.6339656210169906,0.5296998758145185,-0.5634761914581895,G0,,True,-0.269550405653893,Light_dormancy
ATGCGATCACAAGTGG_SRX17782706,0.018682816380421408,0.7183826547551572,-0.6953970771628034,G0,,True,-0.39487929355442997,Light_dormancy
TACCGGGCACACGGAA_SRX17782709,0.7912311392206732,0.5637561305929722,-0.23692274698012927,G1,,True,-0.42911990548601886,Mid_dormancy
ACTCCCAAGACTCAAA_SRX17782706,-0.5269361451323756,0.40129557563720336,-0.7491996966181138,G0,,True,-0.37813088159403196,Light_dormancy
TTAATCCCACGTCGTG_SRX17782709,0.1456143829708904,0.7353113118564488,-0.6619015060197355,G0,,True,-0.4046546155175269,Mid_dormancy
TCTCACGGTATAGCTC_SRX17782704,0.5530246339631061,-0.26488689997103243,0.7899358078594835,S,0.7162707420712013,False,,S
TTCACGCTCTAAGCGT_SRX17782709,0.5639494265872226,-0.6880532292357896,0.45666574017798434,S,0.7859026581921769,False,,G2M
GTCATTTAGAACTGAT_SRX17782706,-0.17944776372320315,-0.8147377387121079,0.5513627207932668,G2M,0.9296812464352655,False,,G2M
CGCCATTCATGTTCAG_SRX17782704,-0.29695559533544713,0.4875632709147454,-0.8210354930948252,G0,,True,-0.42670798719948067,Mid_dormancy
TTTACGTCAGTAGTGG_SRX17782709,0.5739600725183889,0.5631023148448058,-0.5945465616333838,G0,,True,-0.507155815162801,Mid_dormancy
GTTGCGGAGAGTTGCG_SRX17782706,-0.18814706378744855,0.739904190242686,-0.6458657602914358,G0,,True,-0.3346234446263857,Light_dormancy
TCCTGCATCCCTCTCC_SRX17782709,0.4153080727879464,0.7454392768261157,-0.5213822186545463,G0,,True,-0.4085966211120453,Mid_dormancy
GATGAGGTCACCCTCA_SRX17782706,0.259961429418753,-0.25735986137063344,0.9306910357703941,S,0.7693775431379801,False,,G2M
AGGTCATTCCGACATA_SRX17782704,-0.6696854893956372,-0.3139503372560578,0.6730203114330939,G1,0.07540761297655867,False,,G1
TCGCACTAGTATAGAC_SRX17782706,0.4094637836198307,0.2933292765072944,0.86388498006841,S,0.5462422653861827,False,,S
TCTACATAGGTAGCAC_SRX17782706,0.07036397404108258,-0.76897507256104,0.6353944030658422,G2M,0.8806551091815307,False,,G2M
ATCGTAGTCGTACCTC_SRX17782706,0.5228649540014553,-0.03338198547666214,0.8517616049947638,S,0.6553252894232372,False,,S
GCCTGTTCACTCTAGA_SRX17782706,0.05789631374001497,-0.7728984396558112,0.631882796027054,G2M,0.8832781520584887,False,,G2M
ACATCGATCTTTCCGG_SRX17782704,0.6890434943779045,0.7150706656121235,-0.1178685100006801,G1,,True,-0.33714711147352494,Light_dormancy
TACTTACTCCTTATGT_SRX17782704,-0.035454622360087285,0.841380377408215,-0.5392790798479847,G0,,True,-0.3070415173422989,Light_dormancy
GTCAAACAGTGCACCC_SRX17782706,0.3747481546424977,0.1850025933700988,0.9084810594477128,S,0.5721938753810761,False,,S
TGCAGGCTCCTCGATC_SRX17782709,0.4123330147464472,0.39219188495130464,0.8222935406860621,S,0.5241614960994841,False,,S
AGCCAGCCACCTTCGT_SRX17782706,0.29199417032322084,-0.3806672961984182,0.8774005668070972,S,0.7910381239087431,False,,G2M
TGAGGAGCACCCAATA_SRX17782704,-0.8495354427891174,0.005227738588624575,-0.527505689237338,G0,,True,-0.33267446683601487,Light_dormancy
CCACACTGTTTGTTGG_SRX17782709,0.12596400579614614,0.9052269576727286,-0.40582899236665193,G0,,True,-0.2807036191192105,Light_dormancy
TGTAACGCAGCAAGAC_SRX17782704,0.4552505094637532,-0.34288335377613377,0.8216921207394932,S,0.747917218151469,False,,S
TTCGATTCAAGCTGCC_SRX17782706,0.585044442046045,0.7879746501689342,0.1918826498436837,G1,0.49682411745065197,False,,S
GTCTCACGTTCCGCTT_SRX17782704,0.3884065245588225,-0.02536295943140647,0.9211389786169525,S,0.6555560030219787,False,,S
ACGTACACAACCAGAG_SRX17782704,-0.11347098922685162,0.5340363833450122,-0.8378122190022192,G0,,True,-0.45786223925115765,Mid_dormancy
TCAGCCTTCATCGACA_SRX17782704,-0.3217377418125058,-0.8666921443390643,0.38122084090043706,G2M,0.9517506416277668,False,,G2M
GTTACGACAGTCAGTT_SRX17782706,-0.37193238624318453,-0.8892966786759882,0.26611585673856064,G2M,0.9582230399302161,False,,G2M
GTCAAGTCAGAGGAAA_SRX17782706,-0.03990727889157125,0.8743213795883054,-0.48370383664434535,G0,,True,-0.28100967659373033,Light_dormancy
GAATCGTAGCACTCTA_SRX17782706,0.5276919996457772,0.8442731746425449,-0.09350935343227348,G1,,True,-0.2700475573771237,Light_dormancy
AGGAATAGTATGGAGC_SRX17782704,-0.08674761691715771,-0.9244908382190382,0.37120279711432735,G2M,0.9100682780154236,False,,G2M
GGAGATGAGCACTGGA_SRX17782709,0.8763756312165255,0.08934426034286877,-0.4732689896481978,G0,,True,-0.6556849649987667,Deep_dormancy
CTAACTTAGCATACTC_SRX17782706,-0.3702600247150096,-0.27488429163152484,0.8873253297114772,G1,0.043537589141595306,False,,G1
TCCTCCCGTGGACTAG_SRX17782706,-0.37117153264244246,-0.8433023476125235,0.3886810059387737,G2M,0.9611674679283091,False,,G2M
GTGTGATCATCGCCTT_SRX17782706,0.47227536172121387,0.8679776111121134,-0.15352800878866227,G1,,True,-0.2736085859055585,Light_dormancy
GACGTTAGTCAGGTAG_SRX17782709,0.04972976975838389,0.7259578610384801,-0.6859387022524089,G0,,True,-0.3960881396788679,Light_dormancy
CAGTTAGAGCCTCTGG_SRX17782706,-0.31278467676849486,-0.7682973993956894,0.558466486758687,G2M,0.9567110518174333,False,,G2M
TCGCACTCATCGGAGA_SRX17782706,-0.06002363318225096,-0.706053298611019,0.7056104243570355,G2M,0.908675681587794,False,,G2M
ATGGAGGGTACGGTTT_SRX17782706,0.07682926098439247,0.7372007941848242,-0.67129154698917,G0,,True,-0.39402993429835387,Light_dormancy
TGGTGATCACAGAAGC_SRX17782704,-0.06858605291780362,0.7615665851256179,-0.6444473073783146,G0,,True,-0.3521361589265388,Light_dormancy
GTTGCTCCAAGTGTCT_SRX17782709,0.3611622495712512,-0.0063597183237686095,-0.9324810508158311,G0,,True,-0.7685360246803725,Deep_dormancy
CTCATCGTCGAATCCA_SRX17782704,0.5518270260506637,0.5256404535553287,0.647448112524721,S,0.5240452253675338,False,,S
TGGGATTCACAAAGTA_SRX17782709,0.4726293286871695,0.5582307993883209,0.6819090274973897,S,0.5069921176445572,False,,S
TACCGAACAGCCGGTT_SRX17782709,0.254204148049122,0.8348776568164823,-0.48822081430271014,G0,,True,-0.3471326521378554,Light_dormancy
GTTGTCCGTAGGCAGT_SRX17782704,0.020542188391179772,0.9853634633489546,0.1692241829056996,G1-G0 transition,0.398495387705886,False,,G1
TTCTGTACACATACGT_SRX17782709,-0.2494436794813262,0.5744339212665347,-0.7796175754104235,G0,,True,-0.4027942515390539,Mid_dormancy
GTACAACCAGAACTTC_SRX17782709,0.5737069306068192,0.8167850636295825,-0.06101320560063905,G1,,True,-0.27443767204397485,Light_dormancy
GTAATGCTCATGGGAG_SRX17782709,0.03503438840760234,0.9816969702241746,0.18719928157042576,G1,0.40085535926005667,False,,S
CCTCCAAGTGGGCTTC_SRX17782709,0.4844522018735555,0.7207377298014029,-0.49582565641423637,G0,,True,-0.4191835859320667,Mid_dormancy
ACGTAGTGTTTGATCG_SRX17782709,-0.5432975078871114,0.70515401087889,-0.45561570008919405,G0,,True,-0.21235418233511116,Light_dormancy
GGGTGTCGTCGAAACG_SRX17782709,0.5407289898913588,0.5401766048118983,-0.6448421491273147,G0,,True,-0.5235990553577263,Mid_dormancy
TAACACGAGTTGTAGA_SRX17782704,0.7173338081362218,0.6657489381389804,-0.20545254740881086,G1,,True,-0.38168173949938844,Light_dormancy
AAAGTCCCAGTTAAAG_SRX17782709,-0.34384815306248917,0.44087309850357637,-0.8290954488788311,G0,,True,-0.43078182308964685,Mid_dormancy
CCTCTCCCACGACGTC_SRX17782706,0.4730258499822268,-0.12372293006040566,0.8723183287444186,S,0.6858937811773324,False,,S
AGACACTCACACCAGC_SRX17782709,0.33407569627893313,0.6954694034269259,-0.6361726097691012,G0,,True,-0.44192937818928835,Mid_dormancy
TCCATGCCATGAAAGT_SRX17782709,-0.11495205159795752,-0.4643128777637503,0.8781797289651407,G2M,0.9338039572163921,False,,G2M
TCTTGCGCATCGGAGA_SRX17782704,0.5457260678271638,0.3375468589678386,0.7669714213320502,S,0.5570169367517002,False,,S
AATCGTGGTGCCTGCA_SRX17782709,0.7208115686090898,0.3528270116749632,-0.5966101226719636,G0,,True,-0.5934850374098002,Mid_dormancy
TGAGTCAAGGATGTTA_SRX17782704,-0.6911946901864605,-0.606404899908435,0.39309393512186896,G1,0.030562902558606258,False,,G1
TACGGGCTCGTCCATC_SRX17782704,-0.5785143537881087,0.1780825321761326,0.7959947030395591,G1,0.1927051255396975,False,,G1
GGAAGTGGTCACCCTT_SRX17782706,-0.4458313889050191,0.4422151198635098,0.778254505256256,G1,0.2695298129789645,False,,G1
GACACGCTCCAATCCC_SRX17782706,0.5535272610805193,0.7950881048801934,0.24787615869680704,G1,0.49196958344840597,False,,S
TGTTCATAGTCTCCTC_SRX17782704,-0.28774445219901795,0.289241948438548,-0.912985342964675,G0,,True,-0.5059078620624473,Mid_dormancy
CTCTCGATCCTCTCTT_SRX17782706,0.36286020600987834,0.703456217441581,-0.6111315360932887,G0,,True,-0.43744071980847343,Mid_dormancy
CCCTCAACAAGTTGGG_SRX17782704,0.6247972884962988,0.7233703614705048,-0.29387719287657044,G1-G0 transition,,True,-0.3798040451719633,Light_dormancy
TCTATACGTCTTGAAC_SRX17782704,-0.18040321673666398,0.9735620558748489,0.14011262739786268,G1-G0 transition,0.3660169126500449,False,,G1
CTAGACAAGCTCCATA_SRX17782704,-0.5303811382957159,-0.7379618069469992,0.4172628448544904,G2M,0.9943590566762892,False,,G2M
TGTTCTACATTAGGCT_SRX17782706,0.5425283519266534,0.6421357588907896,0.5415944686718386,S,0.5068274540247543,False,,S
TTCACGCAGAGCCGAT_SRX17782706,-0.45278560735142126,0.5488179704118555,0.7026976897824928,G1,0.2853909668058976,False,,G1
TGTGAGTAGCATACTC_SRX17782709,0.276557649262086,0.8891370973448727,-0.3646244393042688,G1-G0 transition,,True,-0.29969317848731325,Light_dormancy
CGGAATTAGAACCGCA_SRX17782706,0.6346746847396174,0.5329256688021705,-0.559623400654102,G0,,True,-0.5148062980855808,Mid_dormancy
TGTGCGGGTATCAAGA_SRX17782709,0.6754755958959048,0.7285785652509724,0.11360405919499383,G1,0.5141613557952545,False,,S
CATTGAGGTTGCGGCT_SRX17782704,-0.22233355631831891,0.4868999366358273,-0.8446869370284297,G0,,True,-0.4493955899415796,Mid_dormancy
TTCCGTGCAGGGAGAG_SRX17782709,0.29565735644223934,0.7890810927635739,-0.5384586810156546,G0,,True,-0.38138251666210055,Light_dormancy
ATAGACCAGACGCAGT_SRX17782706,0.06039310931825381,0.9347519324576283,-0.3501304656476354,G0,,True,-0.24342893316035297,Light_dormancy
TCATACTCATCATCTT_SRX17782709,0.5894193045461851,0.5510798979062043,0.5906739798850505,S,0.5255261064443171,False,,S
TAGGGTTAGGGTTAGC_SRX17782706,-0.6432726146345717,0.7646892837067452,-0.03808676618955706,G1-G0 transition,,True,-0.02344089160653484,Light_dormancy
AATCGACGTCCACATA_SRX17782706,-0.22124920703159112,-0.8789925910867663,0.42239892150102953,G2M,0.934423178226331,False,,G2M
GACCCTTGTGTCATGT_SRX17782706,-0.20120396869683077,0.6768235166264494,-0.7081149530383043,G0,,True,-0.3660928559836041,Light_dormancy
AGCCAGCGTTTCGACA_SRX17782706,0.5644253277035763,0.8254061525716512,-0.011344439094249037,G1,,True,-0.2546159094906163,Light_dormancy
TTGCTGCGTGACTATC_SRX17782704,-0.7742475936389464,0.37485956684811655,-0.509922423136496,G0,,True,-0.2596800227903432,Light_dormancy
ACTCTCGTCATCGCTC_SRX17782704,0.022060077163685077,0.774643296159955,-0.6320135842157271,G0,,True,-0.3625167071626483,Light_dormancy
GATAGAACATCCCACT_SRX17782709,0.6115426240340383,0.3483991734960178,-0.7103756132618666,G0,,True,-0.6144149828430687,Deep_dormancy
AGAAGCGTCTGAGGTT_SRX17782704,0.29831556193568154,0.7598286108228897,-0.5776401590881819,G0,,True,-0.4011463649028071,Mid_dormancy
CCCATTGAGTTGTAAG_SRX17782704,0.6136785671858176,0.404340905547578,-0.6781644496805226,G0,,True,-0.586775958773349,Mid_dormancy
TCGTGGGTCGCCGTGA_SRX17782704,0.244642268004567,0.8848514305806765,-0.39646951463116287,G0,,True,-0.30481152784060794,Light_dormancy
TTACAGGCAACTGAAA_SRX17782706,-0.37235246708916314,0.6642290707533413,-0.6481923602740215,G0,,True,-0.3170251659032721,Light_dormancy
AGAGAATTCGTTGTGA_SRX17782704,0.5945325041689148,0.7432868936043462,0.30668505900063947,G1,0.5025536035252104,False,,S
ACTGATGAGTGGTTCT_SRX17782709,0.6745735959791872,0.04977644831452452,0.7365274509661236,S,0.6334551959087016,False,,S
ATACTTCGTAGAAACT_SRX17782706,-0.6452073869010578,-0.7541526252324755,0.12231585804070477,G1,0.007812069737809093,False,,G1
TTTCAGTTCTGCTAGA_SRX17782706,0.17548145427830442,0.6524148503800811,-0.7372659679691111,G0,,True,-0.4542401782819643,Mid_dormancy
TTCACCGTCAGATTGC_SRX17782706,0.583858172916659,0.3341931465842454,0.7398813563742909,S,0.5624382351986175,False,,S
AACCTTTAGCAGCCTC_SRX17782704,0.04034336047578968,0.7542233529733104,-0.6553774273710921,G0,,True,-0.37807852542438714,Light_dormancy
ATTACTCGTCACAATC_SRX17782709,-0.07011398423418885,0.6769346720290743,-0.7326959001712652,G0,,True,-0.39917335743070903,Light_dormancy
GCTCAAAAGGCTATCT_SRX17782706,-0.37094419222310976,-0.8709199199451476,0.32233345187372386,G2M,0.9592619004848323,False,,G2M
AACACACCAGTTCTAG_SRX17782709,-0.6780799061257571,-0.5907940346900761,0.43723000971899806,G1,0.031108966295668863,False,,G1
CATACCCTCGTCGATA_SRX17782709,0.15767434669626196,-0.7146233079850064,0.681507348384099,G2M,0.8606157486163589,False,,G2M
TAAGCCACAGCCGTTG_SRX17782704,-0.3110470465762263,-0.8504811688972496,0.42418326762616,G2M,0.9509807363117596,False,,G2M
TGGGCGTCAGGCGATA_SRX17782704,-0.14594073734976554,0.6971399040770657,-0.7019240641924781,G0,,True,-0.370152080186008,Light_dormancy
AGTCAACAGGGATGTC_SRX17782706,-0.2414671091267211,0.7620436518563811,-0.6008187806406325,G0,,True,-0.305131068970541,Light_dormancy
CCTGCATTCGACCATA_SRX17782709,0.6113209034985242,0.7792673145421337,0.13794704621671494,G1,0.5010488393791426,False,,S
AACACACCACACACGC_SRX17782709,0.14733853993742213,0.7216068506909135,-0.6764427563123298,G0,,True,-0.41282193742773443,Mid_dormancy
GACTCTCAGGCTCCCA_SRX17782704,0.45016884138244345,0.32725381832964195,0.8308146700105329,S,0.5451346487750296,False,,S
TTCCAATGTGGGCTTC_SRX17782704,0.19070626170734717,0.7356356261919378,-0.6499779686825368,G0,,True,-0.40940501072152224,Mid_dormancy
CATTGTTTCGACATTG_SRX17782704,0.31249694553015805,0.7691011444185685,-0.5575204185550361,G0,,True,-0.3952525439588619,Light_dormancy
TTGTGTTAGCGACAGT_SRX17782709,-0.5126734826195861,0.460938399772819,-0.7243629406674276,G0,,True,-0.3596340442272735,Light_dormancy
ACTGTCCAGTCCTACA_SRX17782709,-0.9876451653132122,-0.02932115406689964,0.1539394111716515,G1,0.14045431850587214,False,,G1
TCGCTCAAGCACTCAT_SRX17782706,-0.12624006194564114,0.8918691802756977,-0.43431877816289566,G0,,True,-0.24447219929825903,Light_dormancy
GAGTGAGGTATCGTTG_SRX17782709,0.20558624080949517,0.7041224147374144,-0.6796661329196029,G0,,True,-0.42917210732394284,Mid_dormancy
TTCGGTCTCGAGCCTG_SRX17782706,0.5556465401757391,0.22639743402276352,0.800000647308919,S,0.5835991014181268,False,,S
